Week,AssignmentId,content_name,Topic,Code,Concepts
345,1,jVariables5,1,StringVariables,"ClassDefinition:0.0,PublicClassSpecifier:0.001445240874180953,FormalMethodParameter:0.042403848553087355,MethodDefinition:0.010219165181686028,PublicMethodSpecifier:0.010219165181686028,StaticMethodSpecifier:0.047202731434856086,VoidDataType:0.010219165181686028,StringInitializationStatement:1.2481175742155695,StringVariable:0.9872048017595707,StringDataType:0.8351138191076559,SimpleAssignmentExpression:0.02831738727448223,StringLiteral:0.8351138191076559,java.lang.System.out.print:0.8553172051959429,ActualMethodParameter:0.4030195342013126"
345,2,jVariable4_rev,1,intVariables4,"ClassDefinition:0.0,PublicClassSpecifier:0.001445240874180953,FormalMethodParameter:0.042403848553087355,MethodDefinition:0.010219165181686028,PublicMethodSpecifier:0.010219165181686028,StaticMethodSpecifier:0.047202731434856086,VoidDataType:0.010219165181686028,IntDataType:0.14837283835118278,SimpleAssignmentExpression:0.047945504424613664,MultiplyExpression:0.770996319495907,java.lang.System.out.print:0.8553172051959429,ActualMethodParameter:0.4030195342013126"
345,3,jVariables3,1,intVariables3,"ClassDefinition:0.0,PublicClassSpecifier:0.001445240874180953,FormalMethodParameter:0.042403848553087355,MethodDefinition:0.010219165181686028,PublicMethodSpecifier:0.010219165181686028,StaticMethodSpecifier:0.047202731434856086,VoidDataType:0.010219165181686028,IntDataType:0.08763138849046424,SimpleAssignmentExpression:0.02831738727448223,java.lang.System.out.print:0.8553172051959429"
345,4,jprintlnTest,1,printlnTest,"ClassDefinition:0.0,PublicClassSpecifier:0.001445240874180953,FormalMethodParameter:0.042403848553087355,MethodDefinition:0.010219165181686028,PublicMethodSpecifier:0.010219165181686028,StaticMethodSpecifier:0.047202731434856086,VoidDataType:0.010219165181686028,IntDataType:0.08763138849046424,SimpleAssignmentExpression:0.02831738727448223,java.lang.System.out.println:0.8351138191076559,ActualMethodParameter:0.4030195342013126"
345,5,jVariables2,1,intVariables2,"ClassDefinition:0.0,PublicClassSpecifier:0.001445240874180953,FormalMethodParameter:0.042403848553087355,MethodDefinition:0.010219165181686028,PublicMethodSpecifier:0.010219165181686028,StaticMethodSpecifier:0.047202731434856086,VoidDataType:0.010219165181686028,IntDataType:0.14837283835118278,SimpleAssignmentExpression:0.047945504424613664,MultiplyExpression:0.770996319495907,AddExpression:0.38866138415444546"
345,6,jVariable1_rev,1,intVariable1,"ClassDefinition:0.0,PublicClassSpecifier:0.001445240874180953,FormalMethodParameter:0.042403848553087355,MethodDefinition:0.010219165181686028,PublicMethodSpecifier:0.010219165181686028,StaticMethodSpecifier:0.047202731434856086,VoidDataType:0.010219165181686028,IntDataType:0.08763138849046424,SimpleAssignmentExpression:0.047945504424613664,AddExpression:0.38866138415444546"
345,7,jSimpleVariableTest,1,SimpleVariableTest,"ClassDefinition:0.0,PublicClassSpecifier:0.001445240874180953,FormalMethodParameter:0.042403848553087355,MethodDefinition:0.010219165181686028,PublicMethodSpecifier:0.010219165181686028,StaticMethodSpecifier:0.047202731434856086,VoidDataType:0.010219165181686028,IntDataType:0.14837283835118278,SimpleVariable:0.6524916928930169,SimpleAssignmentExpression:0.047945504424613664,MultiplyExpression:0.770996319495907"
345,8,jusingFloat,1,Usingfloat,"ClassDefinition:0.0,PublicClassSpecifier:0.001445240874180953,FormalMethodParameter:0.042403848553087355,MethodDefinition:0.010219165181686028,PublicMethodSpecifier:0.010219165181686028,StaticMethodSpecifier:0.047202731434856086,VoidDataType:0.010219165181686028,FloatDataType:2.1775364999298623,SimpleAssignmentExpression:0.02831738727448223,AddExpression:0.38866138415444546"
345,9,jPrimitive_Float,1,Usingfloat,"LessExpression:0.38165648258578694,ClassDefinition:0.0,PublicClassSpecifier:0.001445240874180953,FormalMethodParameter:0.042403848553087355,MethodDefinition:0.010219165181686028,PublicMethodSpecifier:0.010219165181686028,StaticMethodSpecifier:0.047202731434856086,VoidDataType:0.010219165181686028,FloatDataType:2.1775364999298623,SimpleAssignmentExpression:0.02831738727448223,ExplicitTypeCasting:1.2481175742155695"
345,10,jUsingDouble,1,UsingDouble,"ClassDefinition:0.0,PublicClassSpecifier:0.001445240874180953,FormalMethodParameter:0.042403848553087355,MethodDefinition:0.010219165181686028,PublicMethodSpecifier:0.010219165181686028,StaticMethodSpecifier:0.047202731434856086,VoidDataType:0.010219165181686028,IntDataType:0.08763138849046424,SimpleAssignmentExpression:0.047945504424613664,DoubleDataType:0.6723865216099562,AddExpression:0.38866138415444546"
345,11,jConstants2,1,Constants2,"ClassDefinition:0.0,PublicClassSpecifier:0.001445240874180953,FormalMethodParameter:0.042403848553087355,MethodDefinition:0.010219165181686028,PublicMethodSpecifier:0.010219165181686028,StaticMethodSpecifier:0.047202731434856086,VoidDataType:0.010219165181686028,Constant:1.2744465129379186,ConstantInitializationStatement:1.3024752365381622,DoubleDataType:1.1384493433104061,SimpleAssignmentExpression:0.05942721691720237,IntDataType:0.08763138849046424,MultiplyExpression:0.770996319495907"
345,12,jDivision,2,Division,"ClassDefinition:0.0,PublicClassSpecifier:0.001445240874180953,FormalMethodParameter:0.042403848553087355,MethodDefinition:0.010219165181686028,PublicMethodSpecifier:0.010219165181686028,StaticMethodSpecifier:0.047202731434856086,VoidDataType:0.010219165181686028,DoubleDataType:1.1384493433104061,SimpleAssignmentExpression:0.0675736215747451,DivideExpression:1.9937426048626723,IntDataType:0.18390430875913744,SimpleVariable:0.6524916928930169,ExplicitTypeCasting:2.1132467517904097,java.lang.Math.round:3.686889785422618,ActualMethodParameter:0.9617232418857572,AddExpression:0.6580609267736252,java.lang.System.out.println:1.413970608268776"
345,13,jInt_Long,2,UsingdoubleandMathclass,"ClassDefinition:0.0,PublicClassSpecifier:0.001445240874180953,FormalMethodParameter:0.042403848553087355,MethodDefinition:0.010219165181686028,PublicMethodSpecifier:0.010219165181686028,StaticMethodSpecifier:0.047202731434856086,VoidDataType:0.010219165181686028,DoubleDataType:0.6723865216099562,SimpleAssignmentExpression:0.047945504424613664,IntDataType:0.08763138849046424,ExplicitTypeCasting:1.2481175742155695,java.lang.Math.round:2.1775364999298623,ActualMethodParameter:0.4030195342013126"
345,14,jMathFuc1,2,UsingMathclass1,"ClassDefinition:0.0,PublicClassSpecifier:0.001445240874180953,FormalMethodParameter:0.042403848553087355,MethodDefinition:0.010219165181686028,PublicMethodSpecifier:0.010219165181686028,StaticMethodSpecifier:0.047202731434856086,VoidDataType:0.010219165181686028,DoubleDataType:0.6723865216099562,SimpleAssignmentExpression:0.02831738727448223,AddExpression:0.38866138415444546,java.lang.Math.sqrt:2.4785664955938436,ActualMethodParameter:0.4030195342013126"
345,15,jMathFuc2,2,UsingMathclass2,"ClassDefinition:0.0,PublicClassSpecifier:0.001445240874180953,FormalMethodParameter:0.042403848553087355,MethodDefinition:0.010219165181686028,PublicMethodSpecifier:0.010219165181686028,StaticMethodSpecifier:0.047202731434856086,VoidDataType:0.010219165181686028,IntDataType:0.08763138849046424,SimpleAssignmentExpression:0.02831738727448223,ExplicitTypeCasting:1.2481175742155695,java.lang.Math.pow:1.876506504265881,ActualMethodParameter:0.4030195342013126"
345,16,jIncrement,2,IncrementOperator,"ClassDefinition:0.0,PublicClassSpecifier:0.001445240874180953,FormalMethodParameter:0.042403848553087355,MethodDefinition:0.010219165181686028,PublicMethodSpecifier:0.010219165181686028,StaticMethodSpecifier:0.047202731434856086,VoidDataType:0.010219165181686028,IntDataType:0.14837283835118278,SimpleAssignmentExpression:0.047945504424613664,PreIncrementExpression:2.4785664955938436"
345,17,jPreDecrement,2,PreDecrement,"ClassDefinition:0.0,PublicClassSpecifier:0.001445240874180953,FormalMethodParameter:0.042403848553087355,MethodDefinition:0.010219165181686028,PublicMethodSpecifier:0.010219165181686028,StaticMethodSpecifier:0.047202731434856086,VoidDataType:0.010219165181686028,IntDataType:0.14837283835118278,SimpleAssignmentExpression:0.047945504424613664,PreDecrementExpression:2.4785664955938436"
345,18,jDouble1,2,Usingdouble,"ClassDefinition:0.0,PublicClassSpecifier:0.001445240874180953,FormalMethodParameter:0.042403848553087355,MethodDefinition:0.010219165181686028,PublicMethodSpecifier:0.010219165181686028,StaticMethodSpecifier:0.047202731434856086,VoidDataType:0.010219165181686028,DoubleDataType:0.6723865216099562,SimpleAssignmentExpression:0.047945504424613664,IntDataType:0.08763138849046424,ExplicitTypeCasting:1.2481175742155695,AddExpression:0.38866138415444546"
345,19,jConstants3,2,ConstantsinMathclass,"ClassDefinition:0.0,PublicClassSpecifier:0.001445240874180953,FormalMethodParameter:0.042403848553087355,MethodDefinition:0.010219165181686028,PublicMethodSpecifier:0.010219165181686028,StaticMethodSpecifier:0.047202731434856086,VoidDataType:0.010219165181686028,IntDataType:0.08763138849046424,SimpleAssignmentExpression:0.02831738727448223,ExplicitTypeCasting:1.2481175742155695,Constant:1.2744465129379186,ConstantInvocation:1.4785664955938433,AddExpression:0.38866138415444546"
345,20,jOperator1,2,ModulusOperator,"ClassDefinition:0.0,PublicClassSpecifier:0.001445240874180953,FormalMethodParameter:0.042403848553087355,MethodDefinition:0.010219165181686028,PublicMethodSpecifier:0.010219165181686028,StaticMethodSpecifier:0.047202731434856086,VoidDataType:0.010219165181686028,IntDataType:0.08763138849046424,SimpleAssignmentExpression:0.02831738727448223,ModulusExpression:1.0635931476230254"
345,21,jPostDecrement,2,PostDecrement,"ClassDefinition:0.0,PublicClassSpecifier:0.001445240874180953,FormalMethodParameter:0.042403848553087355,MethodDefinition:0.010219165181686028,PublicMethodSpecifier:0.010219165181686028,StaticMethodSpecifier:0.047202731434856086,VoidDataType:0.010219165181686028,IntDataType:0.14837283835118278,SimpleAssignmentExpression:0.047945504424613664,PostDecrementExpression:1.1361438147716372"
345,22,jVariable1,2,Operationswithint,"ClassDefinition:0.0,PublicClassSpecifier:0.001445240874180953,FormalMethodParameter:0.042403848553087355,MethodDefinition:0.010219165181686028,PublicMethodSpecifier:0.010219165181686028,StaticMethodSpecifier:0.047202731434856086,VoidDataType:0.010219165181686028,IntDataType:0.08763138849046424,SimpleAssignmentExpression:0.02831738727448223,AddAssignmentExpression:0.7542906259930543"
345,23,jCompoundAssignment_mult,2,CompoundAssignment,"ClassDefinition:0.0,PublicClassSpecifier:0.001445240874180953,FormalMethodParameter:0.042403848553087355,MethodDefinition:0.010219165181686028,PublicMethodSpecifier:0.010219165181686028,StaticMethodSpecifier:0.047202731434856086,VoidDataType:0.010219165181686028,IntDataType:0.08763138849046424,SimpleAssignmentExpression:0.02831738727448223,MultiplyAssignmentExpression:2.4785664955938436"
345,24,jMathAbs,2,UsingMathClass(abs),"ClassDefinition:0.0,PublicClassSpecifier:0.001445240874180953,FormalMethodParameter:0.042403848553087355,MethodDefinition:0.010219165181686028,PublicMethodSpecifier:0.010219165181686028,StaticMethodSpecifier:0.047202731434856086,VoidDataType:0.010219165181686028,DoubleDataType:0.6723865216099562,SimpleAssignmentExpression:0.02831738727448223,SubtractExpression:0.44918271790863373,java.lang.Math.abs:2.1775364999298623,ActualMethodParameter:0.4030195342013126"
345,25,jMathCeil,2,UsingMathClass(ceil),"ClassDefinition:0.0,PublicClassSpecifier:0.001445240874180953,FormalMethodParameter:0.042403848553087355,MethodDefinition:0.010219165181686028,PublicMethodSpecifier:0.010219165181686028,StaticMethodSpecifier:0.047202731434856086,VoidDataType:0.010219165181686028,DoubleDataType:1.1384493433104061,SimpleAssignmentExpression:0.047945504424613664,SubtractExpression:0.44918271790863373,java.lang.Math.ceil:2.4785664955938436,ActualMethodParameter:0.4030195342013126"
345,26,jString6,3,Strings6,"ClassDefinition:0.0,PublicClassSpecifier:0.001445240874180953,FormalMethodParameter:0.042403848553087355,MethodDefinition:0.010219165181686028,PublicMethodSpecifier:0.010219165181686028,StaticMethodSpecifier:0.047202731434856086,VoidDataType:0.010219165181686028,java.lang.System.out.print:0.8553172051959429,ActualMethodParameter:0.4030195342013126,java.lang.String.substring:2.001445240874181,StringDataType:0.8351138191076559,StringLiteralMethodInvocation:2.4785664955938436,StringLiteral:0.8351138191076559"
345,27,jString1,3,Strings1,"ClassDefinition:0.0,PublicClassSpecifier:0.001445240874180953,FormalMethodParameter:0.042403848553087355,MethodDefinition:0.010219165181686028,PublicMethodSpecifier:0.010219165181686028,StaticMethodSpecifier:0.047202731434856086,VoidDataType:0.010219165181686028,StringInitializationStatement:1.2481175742155695,StringVariable:1.671483026734457,StringDataType:1.413970608268776,SimpleAssignmentExpression:0.047945504424613664,StringLiteral:0.8351138191076559,java.lang.String.substring:2.001445240874181,ObjectMethodInvocation:0.6723865216099562,ActualMethodParameter:0.6823713880435349,java.lang.System.out.print:0.8553172051959429"
345,28,jString4,3,Strings4,"ClassDefinition:0.0,PublicClassSpecifier:0.001445240874180953,FormalMethodParameter:0.042403848553087355,MethodDefinition:0.010219165181686028,PublicMethodSpecifier:0.010219165181686028,StaticMethodSpecifier:0.047202731434856086,VoidDataType:0.010219165181686028,StringInitializationStatement:1.2481175742155695,StringVariable:0.9872048017595707,StringDataType:0.8351138191076559,SimpleAssignmentExpression:0.047945504424613664,StringLiteral:0.8351138191076559,CharDataType:2.4785664955938436,java.lang.String.charAt:2.001445240874181,ObjectMethodInvocation:0.6723865216099562,ActualMethodParameter:0.6823713880435349,java.lang.System.out.print:0.8553172051959429"
345,29,jString_to_Int,3,ConvertingStringtoint,"ClassDefinition:0.0,PublicClassSpecifier:0.001445240874180953,FormalMethodParameter:0.042403848553087355,MethodDefinition:0.010219165181686028,PublicMethodSpecifier:0.010219165181686028,StaticMethodSpecifier:0.047202731434856086,VoidDataType:0.010219165181686028,StringInitializationStatement:1.2481175742155695,StringVariable:0.9872048017595707,StringDataType:0.8351138191076559,SimpleAssignmentExpression:0.047945504424613664,StringLiteral:0.8351138191076559,IntDataType:0.08763138849046424,java.lang.Integer.parseInt:2.4785664955938436,ActualMethodParameter:0.4030195342013126,AddExpression:0.38866138415444546"
345,30,jString_to_Double,3,ConvertingStringtodouble,"ClassDefinition:0.0,PublicClassSpecifier:0.001445240874180953,FormalMethodParameter:0.042403848553087355,MethodDefinition:0.010219165181686028,PublicMethodSpecifier:0.010219165181686028,StaticMethodSpecifier:0.047202731434856086,VoidDataType:0.010219165181686028,StringInitializationStatement:1.2481175742155695,StringVariable:0.9872048017595707,StringDataType:0.8351138191076559,SimpleAssignmentExpression:0.047945504424613664,StringLiteral:0.8351138191076559,DoubleDataType:0.6723865216099562,java.lang.Double.parseDouble:2.4785664955938436,ActualMethodParameter:0.4030195342013126"
345,31,jString2,3,Strings2,"ClassDefinition:0.0,PublicClassSpecifier:0.001445240874180953,FormalMethodParameter:0.042403848553087355,MethodDefinition:0.010219165181686028,PublicMethodSpecifier:0.010219165181686028,StaticMethodSpecifier:0.047202731434856086,VoidDataType:0.010219165181686028,StringInitializationStatement:3.256885317333389,StringVariable:2.756038353379686,StringDataType:2.3314369123770033,SimpleAssignmentExpression:0.08342047856662699,StringLiteral:2.179177660777151,IntDataType:0.08763138849046424,java.lang.String.length:1.7004152452101997"
345,32,jStringReplace,3,String(replace),"ClassDefinition:0.0,PublicClassSpecifier:0.001445240874180953,FormalMethodParameter:0.042403848553087355,MethodDefinition:0.010219165181686028,PublicMethodSpecifier:0.010219165181686028,StaticMethodSpecifier:0.047202731434856086,VoidDataType:0.010219165181686028,StringInitializationStatement:1.2481175742155695,StringVariable:1.671483026734457,StringDataType:1.9928273974298958,SimpleAssignmentExpression:0.05942721691720237,StringLiteral:1.9928273974298958,StringAddition:1.2232939904905373,java.lang.String.charAt:2.001445240874181,ObjectMethodInvocation:1.4110786169854597,ActualMethodParameter:1.0516544519964366,java.lang.String.length:1.7004152452101997,SubtractExpression:0.44918271790863373,java.lang.System.out.println:1.7525801232158837,java.lang.String.replace:3.686889785422618"
345,33,jString5,3,Strings5,"ClassDefinition:0.0,PublicClassSpecifier:0.001445240874180953,FormalMethodParameter:0.042403848553087355,MethodDefinition:0.010219165181686028,PublicMethodSpecifier:0.010219165181686028,StaticMethodSpecifier:0.047202731434856086,VoidDataType:0.010219165181686028,StringVariable:0.9872048017595707,StringDataType:0.8351138191076559,SimpleAssignmentExpression:0.047945504424613664,StringCreationStatement:1.876506504265881,StringConstructorCall:1.876506504265881,ActualMethodParameter:0.6823713880435349,StringLiteral:0.8351138191076559,IntDataType:0.08763138849046424,java.lang.System.out.print:0.8553172051959429,AddExpression:0.38866138415444546"
345,34,jStringEqual,3,String(equals),"ClassDefinition:0.0,PublicClassSpecifier:0.001445240874180953,FormalMethodParameter:0.042403848553087355,MethodDefinition:0.010219165181686028,PublicMethodSpecifier:0.010219165181686028,StaticMethodSpecifier:0.047202731434856086,VoidDataType:0.010219165181686028,StringVariable:2.3557612517093434,StringDataType:1.9928273974298958,SimpleAssignmentExpression:0.0675736215747451,StringCreationStatement:3.1772016970001755,StringConstructorCall:3.1772016970001755,ActualMethodParameter:1.1251336008903943,StringLiteral:1.9928273974298958,StringAddition:2.071216770994978,java.lang.String.charAt:3.3887413666312405,ObjectMethodInvocation:1.604512165010856,java.lang.System.out.println:1.413970608268776,java.lang.String.equalsIgnoreCase:1.7004152452101997,java.lang.String.equals:1.7004152452101997"
345,35,jtestNull,4,TestNull,"ClassDefinition:0.0,PublicClassSpecifier:0.001445240874180953,FormalMethodParameter:0.042403848553087355,MethodDefinition:0.010219165181686028,PublicMethodSpecifier:0.010219165181686028,StaticMethodSpecifier:0.047202731434856086,VoidDataType:0.010219165181686028,StringInitializationStatement:1.2481175742155695,StringVariable:0.9872048017595707,StringDataType:1.413970608268776,SimpleAssignmentExpression:0.05942721691720237,StringLiteral:1.413970608268776,IntDataType:0.08763138849046424,IfStatement:0.6035052322021434,LessExpression:0.38165648258578694,java.lang.System.out.println:1.413970608268776,ActualMethodParameter:0.6823713880435349,EqualExpression:1.413970608268776,null:2.001445240874181"
345,36,jBoolean_Method,4,ComparingStrings,"ClassDefinition:0.0,PublicClassSpecifier:0.001445240874180953,FormalMethodParameter:0.042403848553087355,MethodDefinition:0.010219165181686028,PublicMethodSpecifier:0.010219165181686028,StaticMethodSpecifier:0.047202731434856086,VoidDataType:0.010219165181686028,StringVariable:1.671483026734457,StringDataType:1.413970608268776,SimpleAssignmentExpression:0.05942721691720237,StringCreationStatement:3.1772016970001755,StringConstructorCall:3.1772016970001755,ActualMethodParameter:0.8457817470481722,StringLiteral:1.413970608268776,IntDataType:0.08763138849046424,IfStatement:1.0218231823562343,EqualExpression:0.8351138191076559,PostIncrementExpression:0.4532606303290731,java.lang.String.equals:1.7004152452101997,ObjectMethodInvocation:0.6723865216099562,PostDecrementExpression:1.1361438147716372"
345,37,jbooleanOperationsNot,4,BooleanOperations(Not),"ClassDefinition:0.0,PublicClassSpecifier:0.001445240874180953,FormalMethodParameter:0.042403848553087355,MethodDefinition:0.010219165181686028,PublicMethodSpecifier:0.010219165181686028,StaticMethodSpecifier:0.047202731434856086,VoidDataType:0.010219165181686028,IntDataType:0.08763138849046424,SimpleAssignmentExpression:0.02831738727448223,IfStatement:0.6035052322021434,NotExpression:1.7004152452101997,GreaterExpression:0.730378468587643,AndExpression:1.3993852495462185,LessExpression:0.38165648258578694,PostIncrementExpression:0.4532606303290731"
345,38,jBoolean_Var,4,Usingboolean,"ClassDefinition:0.0,PublicClassSpecifier:0.001445240874180953,FormalMethodParameter:0.042403848553087355,MethodDefinition:0.010219165181686028,PublicMethodSpecifier:0.010219165181686028,StaticMethodSpecifier:0.047202731434856086,VoidDataType:0.010219165181686028,BooleanDataType:1.2744465129379186,SimpleAssignmentExpression:0.047945504424613664,False:1.6334684555795864,IfStatement:0.6035052322021434,GreaterExpression:0.730378468587643,True:1.6334684555795864,java.lang.System.out.print:0.8553172051959429,ActualMethodParameter:0.4030195342013126"
345,39,jbooleanOperationsOR,4,BooleanOperations(OR),"ClassDefinition:0.0,PublicClassSpecifier:0.001445240874180953,FormalMethodParameter:0.042403848553087355,MethodDefinition:0.010219165181686028,PublicMethodSpecifier:0.010219165181686028,StaticMethodSpecifier:0.047202731434856086,VoidDataType:0.010219165181686028,IntDataType:0.14837283835118278,SimpleAssignmentExpression:0.047945504424613664,SubtractExpression:0.44918271790863373,java.lang.System.out.println:0.8351138191076559,ActualMethodParameter:0.4030195342013126,GreaterExpression:0.730378468587643,OrExpression:2.4785664955938436"
345,40,jbooleanOperationsNotEqual,4,BooleanOperations(Notequal),"ClassDefinition:0.0,PublicClassSpecifier:0.001445240874180953,FormalMethodParameter:0.042403848553087355,MethodDefinition:0.010219165181686028,PublicMethodSpecifier:0.010219165181686028,StaticMethodSpecifier:0.047202731434856086,VoidDataType:0.010219165181686028,IntDataType:0.08763138849046424,SimpleAssignmentExpression:0.05942721691720237,StringInitializationStatement:1.2481175742155695,StringVariable:0.9872048017595707,StringDataType:1.413970608268776,StringLiteral:1.413970608268776,IfStatement:0.6035052322021434,java.lang.Math.abs:2.1775364999298623,ActualMethodParameter:0.6823713880435349,NotEqualExpression:1.6334684555795864,java.lang.System.out.print:0.8553172051959429"
345,41,jBoolean_Operators,4,BooleanOperations(AND),"ClassDefinition:0.0,PublicClassSpecifier:0.001445240874180953,FormalMethodParameter:0.042403848553087355,MethodDefinition:0.010219165181686028,PublicMethodSpecifier:0.010219165181686028,StaticMethodSpecifier:0.047202731434856086,VoidDataType:0.010219165181686028,IntDataType:0.08763138849046424,SimpleAssignmentExpression:0.02831738727448223,IfStatement:0.6035052322021434,GreaterExpression:0.730378468587643,AndExpression:1.3993852495462185,LessExpression:0.38165648258578694,PostIncrementExpression:0.4532606303290731"
345,42,jbooleanOperationsLessEqual,4,BooleanOperations(Lessequal),"ClassDefinition:0.0,PublicClassSpecifier:0.001445240874180953,FormalMethodParameter:0.042403848553087355,MethodDefinition:0.010219165181686028,PublicMethodSpecifier:0.010219165181686028,StaticMethodSpecifier:0.047202731434856086,VoidDataType:0.010219165181686028,IntDataType:0.08763138849046424,SimpleAssignmentExpression:0.02831738727448223,IfStatement:0.6035052322021434,LessEqualExpression:1.7004152452101997,PostIncrementExpression:0.4532606303290731"
345,43,jbooleanOperationsGreaterEqual,4,BooleanOperations(Greaterequal),"ClassDefinition:0.0,PublicClassSpecifier:0.001445240874180953,FormalMethodParameter:0.042403848553087355,MethodDefinition:0.010219165181686028,PublicMethodSpecifier:0.010219165181686028,StaticMethodSpecifier:0.047202731434856086,VoidDataType:0.010219165181686028,IntDataType:0.08763138849046424,SimpleAssignmentExpression:0.02831738727448223,IfStatement:0.6035052322021434,GreaterEqualExpression:1.7004152452101997,PostIncrementExpression:0.4532606303290731"
345,44,jIfelse1,4,if-else1,"ClassDefinition:0.0,PublicClassSpecifier:0.001445240874180953,FormalMethodParameter:0.042403848553087355,MethodDefinition:0.010219165181686028,PublicMethodSpecifier:0.010219165181686028,StaticMethodSpecifier:0.047202731434856086,VoidDataType:0.010219165181686028,IntDataType:0.08763138849046424,SimpleAssignmentExpression:0.02831738727448223,IfStatement:0.6035052322021434,ModulusExpression:1.0635931476230254,GreaterExpression:0.730378468587643,AddAssignmentExpression:0.7542906259930543"
345,45,jBoolean_Operators3,4,Comparisons2,"ClassDefinition:0.0,PublicClassSpecifier:0.001445240874180953,FormalMethodParameter:0.042403848553087355,MethodDefinition:0.010219165181686028,PublicMethodSpecifier:0.010219165181686028,StaticMethodSpecifier:0.047202731434856086,VoidDataType:0.010219165181686028,IntDataType:0.08763138849046424,SimpleAssignmentExpression:0.02831738727448223,java.lang.System.out.print:0.8553172051959429,ActualMethodParameter:0.4030195342013126,GreaterExpression:0.730378468587643"
345,46,jEarthquake,4,Earthquake,"ClassDefinition:0.0,PublicClassSpecifier:0.001445240874180953,FormalMethodParameter:0.042403848553087355,MethodDefinition:0.010219165181686028,PublicMethodSpecifier:0.010219165181686028,StaticMethodSpecifier:0.047202731434856086,VoidDataType:0.010219165181686028,StringVariable:0.9872048017595707,StringDataType:2.5716841865910154,SimpleVariable:0.6524916928930169,DoubleDataType:0.6723865216099562,SimpleAssignmentExpression:0.08720173872487652,IfElseIfStatement:4.26243451675455,LessEqualExpression:1.7004152452101997,StringLiteral:2.4601702753255865,LessExpression:0.9959088951855976,IfElseStatement:1.177536499929862,java.lang.System.out.println:0.8351138191076559,ActualMethodParameter:0.4030195342013126"
345,47,jIfelse5,4,if-else5,"ClassDefinition:0.0,PublicClassSpecifier:0.001445240874180953,FormalMethodParameter:0.042403848553087355,MethodDefinition:0.010219165181686028,PublicMethodSpecifier:0.010219165181686028,StaticMethodSpecifier:0.047202731434856086,VoidDataType:0.010219165181686028,IntDataType:0.14837283835118278,SimpleAssignmentExpression:0.0675736215747451,MultiplyExpression:0.770996319495907,IfElseIfStatement:1.6334684555795864,GreaterExpression:1.5327812295566228,IfElseStatement:1.9937426048626723,ModulusExpression:1.8008197391608032,PostIncrementExpression:0.4532606303290731,PostDecrementExpression:1.1361438147716372"
345,48,jWhile2,5,LoopWhile2,"ClassDefinition:0.0,PublicClassSpecifier:0.001445240874180953,FormalMethodParameter:0.042403848553087355,MethodDefinition:0.010219165181686028,PublicMethodSpecifier:0.010219165181686028,StaticMethodSpecifier:0.047202731434856086,VoidDataType:0.010219165181686028,IntDataType:0.08763138849046424,SimpleAssignmentExpression:0.02831738727448223,WhileStatement:0.770996319495907,EqualExpression:0.8351138191076559,PostDecrementExpression:1.1361438147716372"
345,49,jWhile3,5,LoopWhile3,"ClassDefinition:0.0,PublicClassSpecifier:0.001445240874180953,FormalMethodParameter:0.042403848553087355,MethodDefinition:0.010219165181686028,PublicMethodSpecifier:0.010219165181686028,StaticMethodSpecifier:0.047202731434856086,VoidDataType:0.010219165181686028,IntDataType:0.18390430875913744,SimpleAssignmentExpression:0.05942721691720237,WhileStatement:0.770996319495907,LessExpression:0.38165648258578694,AddAssignmentExpression:0.7542906259930543,PostIncrementExpression:0.4532606303290731"
345,50,jWhile4,5,Problem1,"ClassDefinition:0.0,PublicClassSpecifier:0.001445240874180953,FormalMethodParameter:0.042403848553087355,MethodDefinition:0.010219165181686028,PublicMethodSpecifier:0.010219165181686028,StaticMethodSpecifier:0.047202731434856086,VoidDataType:0.010219165181686028,IntDataType:0.14837283835118278,SimpleAssignmentExpression:0.047945504424613664,WhileStatement:0.770996319495907,LessExpression:0.38165648258578694,IfStatement:0.6035052322021434,ModulusExpression:1.0635931476230254,EqualExpression:0.8351138191076559,PostIncrementExpression:0.7674369583004937"
345,51,jWhile1,5,LoopWhile1,"ClassDefinition:0.0,PublicClassSpecifier:0.001445240874180953,FormalMethodParameter:0.042403848553087355,MethodDefinition:0.010219165181686028,PublicMethodSpecifier:0.010219165181686028,StaticMethodSpecifier:0.047202731434856086,VoidDataType:0.010219165181686028,IntDataType:0.08763138849046424,SimpleAssignmentExpression:0.02831738727448223,WhileStatement:0.770996319495907,PostIncrementExpression:0.4532606303290731"
345,52,jDowhile8,5,Problem3,"ClassDefinition:0.0,PublicClassSpecifier:0.001445240874180953,FormalMethodParameter:0.042403848553087355,MethodDefinition:0.010219165181686028,PublicMethodSpecifier:0.010219165181686028,StaticMethodSpecifier:0.047202731434856086,VoidDataType:0.010219165181686028,IntDataType:0.14837283835118278,SimpleAssignmentExpression:0.047945504424613664,DoStatement:1.1168386595762505,WhileStatement:1.3054102445765898,LessExpression:0.38165648258578694,PostIncrementExpression:0.4532606303290731,IfStatement:1.0218231823562343,ModulusExpression:1.8008197391608032,EqualExpression:1.413970608268776,AddAssignmentExpression:1.2771250467229363,GreaterExpression:0.730378468587643,PostDecrementExpression:1.1361438147716372"
345,53,jDowhile2,5,LoopDo-While2,"ClassDefinition:0.0,PublicClassSpecifier:0.001445240874180953,FormalMethodParameter:0.042403848553087355,MethodDefinition:0.010219165181686028,PublicMethodSpecifier:0.010219165181686028,StaticMethodSpecifier:0.047202731434856086,VoidDataType:0.010219165181686028,IntDataType:0.14837283835118278,SimpleAssignmentExpression:0.047945504424613664,DoStatement:1.1168386595762505,WhileStatement:0.770996319495907,GreaterEqualExpression:1.7004152452101997,PostDecrementExpression:1.1361438147716372"
345,54,jDowhile3,5,LoopDo-While3,"ClassDefinition:0.0,PublicClassSpecifier:0.001445240874180953,FormalMethodParameter:0.042403848553087355,MethodDefinition:0.010219165181686028,PublicMethodSpecifier:0.010219165181686028,StaticMethodSpecifier:0.047202731434856086,VoidDataType:0.010219165181686028,IntDataType:0.08763138849046424,SimpleAssignmentExpression:0.02831738727448223,DoStatement:1.1168386595762505,WhileStatement:0.770996319495907,SubtractExpression:0.44918271790863373,GreaterExpression:0.730378468587643,AddAssignmentExpression:0.7542906259930543"
345,55,jDowhile6,5,Problem2,"ClassDefinition:0.0,PublicClassSpecifier:0.001445240874180953,FormalMethodParameter:0.042403848553087355,MethodDefinition:0.010219165181686028,PublicMethodSpecifier:0.010219165181686028,StaticMethodSpecifier:0.047202731434856086,VoidDataType:0.010219165181686028,IntDataType:0.14837283835118278,SimpleAssignmentExpression:0.047945504424613664,DoStatement:1.1168386595762505,WhileStatement:0.770996319495907,LessExpression:0.38165648258578694,PostIncrementExpression:0.4532606303290731,AddAssignmentExpression:0.7542906259930543,SubtractExpression:0.44918271790863373"
345,56,jDowhile1,5,LoopDo-While1,"ClassDefinition:0.0,PublicClassSpecifier:0.001445240874180953,FormalMethodParameter:0.042403848553087355,MethodDefinition:0.010219165181686028,PublicMethodSpecifier:0.010219165181686028,StaticMethodSpecifier:0.047202731434856086,VoidDataType:0.010219165181686028,IntDataType:0.14837283835118278,SimpleAssignmentExpression:0.047945504424613664,DoStatement:1.1168386595762505,WhileStatement:0.770996319495907,LessExpression:0.38165648258578694,PostIncrementExpression:0.4532606303290731"
345,57,jFor1,5,LoopFor1,"ClassDefinition:0.0,PublicClassSpecifier:0.001445240874180953,FormalMethodParameter:0.042403848553087355,MethodDefinition:0.010219165181686028,PublicMethodSpecifier:0.010219165181686028,StaticMethodSpecifier:0.047202731434856086,VoidDataType:0.010219165181686028,IntDataType:0.14837283835118278,SimpleAssignmentExpression:0.047945504424613664,ForStatement:0.7625631519590442,LessExpression:0.38165648258578694,PostIncrementExpression:0.4532606303290731,AddAssignmentExpression:0.7542906259930543"
345,58,jFor2,5,LoopFor2,"ClassDefinition:0.0,PublicClassSpecifier:0.001445240874180953,FormalMethodParameter:0.042403848553087355,MethodDefinition:0.010219165181686028,PublicMethodSpecifier:0.010219165181686028,StaticMethodSpecifier:0.047202731434856086,VoidDataType:0.010219165181686028,IntDataType:0.14837283835118278,SimpleAssignmentExpression:0.05942721691720237,ForStatement:0.7625631519590442,LessExpression:0.38165648258578694,PostIncrementExpression:0.4532606303290731,AddExpression:0.38866138415444546"
345,59,jFor3,5,LoopFor3,"ClassDefinition:0.0,PublicClassSpecifier:0.001445240874180953,FormalMethodParameter:0.042403848553087355,MethodDefinition:0.010219165181686028,PublicMethodSpecifier:0.010219165181686028,StaticMethodSpecifier:0.047202731434856086,VoidDataType:0.010219165181686028,IntDataType:0.14837283835118278,SimpleAssignmentExpression:0.05942721691720237,ForStatement:0.7625631519590442,LessExpression:0.38165648258578694,PostIncrementExpression:0.4532606303290731,MultiplyExpression:0.770996319495907"
345,60,jNested1,5,NestedLoops1,"ClassDefinition:0.0,PublicClassSpecifier:0.001445240874180953,FormalMethodParameter:0.042403848553087355,MethodDefinition:0.010219165181686028,PublicMethodSpecifier:0.010219165181686028,StaticMethodSpecifier:0.047202731434856086,VoidDataType:0.010219165181686028,IntDataType:0.18390430875913744,SimpleAssignmentExpression:0.0675736215747451,ForStatement:1.291131650738361"
345,61,jNested2,5,Problem4,"ClassDefinition:0.0,PublicClassSpecifier:0.001445240874180953,FormalMethodParameter:0.042403848553087355,MethodDefinition:0.010219165181686028,PublicMethodSpecifier:0.010219165181686028,StaticMethodSpecifier:0.047202731434856086,VoidDataType:0.010219165181686028,IntDataType:0.18390430875913744,SimpleAssignmentExpression:0.05942721691720237,ForStatement:1.291131650738361"
345,62,jObjects2,6,Objects2(Rectangle),"StaticMethodSpecifier:0.047202731434856086,ImportStatement:1.2481175742155695,ClassDefinition:0.0,PublicClassSpecifier:0.001445240874180953,FormalMethodParameter:0.042403848553087355,MethodDefinition:0.010219165181686028,PublicMethodSpecifier:0.010219165181686028,StaticMethodSpecifier:0.047202731434856086,VoidDataType:0.010219165181686028,SimpleAssignmentExpression:0.0675736215747451,ObjectCreationStatement:0.7542906259930543,ConstructorCall:0.7542906259930543,ActualMethodParameter:0.6823713880435349,DoubleDataType:1.4110786169854597,ObjectMethodInvocation:1.1384493433104061,MultiplyExpression:0.770996319495907,java.lang.System.out.print:0.8553172051959429"
345,63,jObjects1,6,Objects1(Rectangle),"ImportStatement:1.2481175742155695,ClassDefinition:0.0,PublicClassSpecifier:0.001445240874180953,FormalMethodParameter:0.042403848553087355,MethodDefinition:0.010219165181686028,PublicMethodSpecifier:0.010219165181686028,StaticMethodSpecifier:0.047202731434856086,VoidDataType:0.010219165181686028,SimpleAssignmentExpression:0.02831738727448223,ObjectCreationStatement:0.7542906259930543,ConstructorCall:0.7542906259930543,ActualMethodParameter:0.6823713880435349,java.lang.System.out.print:0.8553172051959429,ObjectMethodInvocation:0.6723865216099562"
345,64,jObjects3,6,Objects3(Rectangle),"ImportStatement:1.2481175742155695,ClassDefinition:0.0,PublicClassSpecifier:0.001445240874180953,FormalMethodParameter:0.042403848553087355,MethodDefinition:0.010219165181686028,PublicMethodSpecifier:0.010219165181686028,StaticMethodSpecifier:0.047202731434856086,VoidDataType:0.010219165181686028,SimpleAssignmentExpression:0.02831738727448223,ObjectCreationStatement:0.7542906259930543,ConstructorCall:0.7542906259930543,ActualMethodParameter:0.8457817470481722,ObjectMethodInvocation:1.1384493433104061,java.lang.System.out.print:0.8553172051959429"
345,65,jClassCashRegister,6,Class(CashRegister),"ClassDefinition:0.0,PublicClassSpecifier:0.0024470055113494714,FormalMethodParameter:0.10118806469201419,MethodDefinition:0.026666277058518033,PublicMethodSpecifier:0.026666277058518033,StaticMethodSpecifier:0.047202731434856086,VoidDataType:0.02438593624841009,SimpleAssignmentExpression:0.105002293577833,ObjectCreationStatement:0.7542906259930543,ConstructorCall:0.7542906259930543,ObjectMethodInvocation:1.604512165010856,ActualMethodParameter:0.8457817470481722,DoubleDataType:2.22061370299916,ConstructorDefinition:0.7461727357708748,PublicConstructorSpecifier:0.7461727357708748,AddExpression:0.6580609267736252,IntDataType:0.08763138849046424,MultiplyExpression:0.770996319495907,SubtractExpression:0.44918271790863373,ReturnStatement:0.7382038060995995,PublicFieldSpecifier:2.7593848049088066,StaticFieldSpecifier:2.7593848049088066,FinalFieldSpecifier:2.7593848049088066,ClassField:2.7593848049088066,ClassConstantInitializationStatement:2.7593848049088066,PrivateFieldSpecifier:1.2498876929761575,InstanceField:1.1737516973270274,SimpleVariable:1.1047644701605974"
345,66,jClassBankAccountThis,6,Class(BankAccountThis),"ClassDefinition:0.0,PublicClassSpecifier:0.0024470055113494714,FormalMethodParameter:0.10118806469201419,MethodDefinition:0.026666277058518033,PublicMethodSpecifier:0.026666277058518033,StaticMethodSpecifier:0.047202731434856086,VoidDataType:0.02438593624841009,SimpleAssignmentExpression:0.08720173872487652,ObjectCreationStatement:0.7542906259930543,ConstructorCall:0.7542906259930543,ActualMethodParameter:0.6823713880435349,ObjectMethodInvocation:1.1384493433104061,DoubleDataType:1.8771414386859093,ConstructorDefinition:1.2633802637811578,PublicConstructorSpecifier:1.2633802637811578,InstanceFieldInvocation:3.6768422290959446,ThisReference:3.6768422290959446,AddExpression:0.38866138415444546,SubtractExpression:0.44918271790863373,ReturnStatement:0.7382038060995995,PrivateFieldSpecifier:0.7382038060995995,InstanceField:0.6932366605830763,SimpleVariable:0.6524916928930169"
345,67,jClasses_Getter,6,Class5(Point),"ClassDefinition:0.0,PublicClassSpecifier:0.0024470055113494714,FormalMethodParameter:0.07179595662255077,MethodDefinition:0.02438593624841009,PublicMethodSpecifier:0.02438593624841009,StaticMethodSpecifier:0.047202731434856086,VoidDataType:0.01730255071504806,SimpleAssignmentExpression:0.08342047856662699,ObjectCreationStatement:0.7542906259930543,ConstructorCall:0.7542906259930543,ObjectMethodInvocation:1.1384493433104061,ActualMethodParameter:0.4030195342013126,IntDataType:0.24464575861985594,AddExpression:0.38866138415444546,PrivateFieldSpecifier:1.2498876929761575,InstanceField:1.1737516973270274,InstanceFieldInitializationStatement:2.58090485941742,ConstructorDefinition:0.7461727357708748,PublicConstructorSpecifier:0.7461727357708748,ReturnStatement:1.2498876929761575"
345,68,jBa_ques,6,Class3(BankAccount),"ClassDefinition:0.0,PublicClassSpecifier:0.0024470055113494714,FormalMethodParameter:0.10118806469201419,MethodDefinition:0.02438593624841009,PublicMethodSpecifier:0.02438593624841009,StaticMethodSpecifier:0.047202731434856086,VoidDataType:0.021446065630215578,SimpleAssignmentExpression:0.0905370465599225,ObjectCreationStatement:1.2771250467229363,ConstructorCall:1.2771250467229363,ObjectMethodInvocation:1.1384493433104061,ActualMethodParameter:0.6823713880435349,MultiplyExpression:0.770996319495907,DoubleDataType:1.8771414386859093,AddExpression:0.6580609267736252,ConstructorDefinition:1.2633802637811578,PublicConstructorSpecifier:1.2633802637811578,SubtractExpression:0.44918271790863373,ReturnStatement:0.7382038060995995,PrivateFieldSpecifier:0.7382038060995995,InstanceField:0.6932366605830763,SimpleVariable:0.6524916928930169"
345,69,jClass1,6,Class1(BankAccount),"ClassDefinition:0.0,PublicClassSpecifier:0.0024470055113494714,FormalMethodParameter:0.10118806469201419,MethodDefinition:0.02438593624841009,PublicMethodSpecifier:0.02438593624841009,StaticMethodSpecifier:0.047202731434856086,VoidDataType:0.021446065630215578,SimpleAssignmentExpression:0.08720173872487652,ObjectCreationStatement:0.7542906259930543,ConstructorCall:0.7542906259930543,ActualMethodParameter:0.4030195342013126,DoubleDataType:1.8771414386859093,ObjectMethodInvocation:0.6723865216099562,ConstructorDefinition:1.2633802637811578,PublicConstructorSpecifier:1.2633802637811578,AddExpression:0.38866138415444546,SubtractExpression:0.44918271790863373,ReturnStatement:0.7382038060995995,PrivateFieldSpecifier:0.7382038060995995,InstanceField:0.6932366605830763,SimpleVariable:0.6524916928930169"
345,70,jBankAccount,6,Class2(BankAccount),"ClassDefinition:0.0,PublicClassSpecifier:0.0024470055113494714,FormalMethodParameter:0.10118806469201419,MethodDefinition:0.02438593624841009,PublicMethodSpecifier:0.02438593624841009,StaticMethodSpecifier:0.047202731434856086,VoidDataType:0.021446065630215578,SimpleAssignmentExpression:0.08720173872487652,ObjectCreationStatement:0.7542906259930543,ConstructorCall:0.7542906259930543,ObjectMethodInvocation:1.4110786169854597,ActualMethodParameter:0.6823713880435349,DoubleDataType:1.8771414386859093,ConstructorDefinition:1.2633802637811578,PublicConstructorSpecifier:1.2633802637811578,AddExpression:0.38866138415444546,SubtractExpression:0.44918271790863373,ReturnStatement:0.7382038060995995,PrivateFieldSpecifier:0.7382038060995995,InstanceField:0.6932366605830763,SimpleVariable:0.6524916928930169"
345,71,jClasses4,6,Class4(CashRegister),"ClassDefinition:0.0,PublicClassSpecifier:0.0024470055113494714,FormalMethodParameter:0.08898923766033058,MethodDefinition:0.02438593624841009,PublicMethodSpecifier:0.02438593624841009,StaticMethodSpecifier:0.047202731434856086,VoidDataType:0.021446065630215578,SimpleAssignmentExpression:0.09352058108524432,ObjectCreationStatement:0.7542906259930543,ConstructorCall:0.7542906259930543,ObjectMethodInvocation:1.4110786169854597,ActualMethodParameter:0.6823713880435349,DoubleDataType:1.8771414386859093,ConstructorDefinition:0.7461727357708748,PublicConstructorSpecifier:0.7461727357708748,AddExpression:0.38866138415444546,SubtractExpression:0.44918271790863373,ReturnStatement:0.7382038060995995,PrivateFieldSpecifier:1.2498876929761575,InstanceField:1.1737516973270274,SimpleVariable:1.1047644701605974"
345,72,jArray3,7,Arrays3,"ClassDefinition:0.0,PublicClassSpecifier:0.0024470055113494714,FormalMethodParameter:0.10118806469201419,MethodDefinition:0.026666277058518033,PublicMethodSpecifier:0.026666277058518033,StaticMethodSpecifier:0.047202731434856086,VoidDataType:0.02438593624841009,ArrayInitializationStatement:1.1998128946410145,ArrayInitializer:1.1998128946410145,ArrayVariable:0.9470875785515882,ArrayDataType:1.2232939904905373,DoubleDataType:2.2846989832718094,SimpleAssignmentExpression:0.10854658676935297,ObjectCreationStatement:0.7542906259930543,ConstructorCall:0.7542906259930543,IntDataType:0.14837283835118278,ForStatement:0.7625631519590442,LessExpression:0.38165648258578694,ArrayLength:1.5754765086018998,PostIncrementExpression:0.4532606303290731,ObjectMethodInvocation:1.4110786169854597,ActualMethodParameter:0.6823713880435349,ArrayElement:0.9600525557159558,ConstructorDefinition:0.7461727357708748,PublicConstructorSpecifier:0.7461727357708748,AddExpression:0.6580609267736252,MultiplyExpression:0.770996319495907,SubtractExpression:0.44918271790863373,ReturnStatement:0.7382038060995995,PublicFieldSpecifier:2.7593848049088066,StaticFieldSpecifier:2.7593848049088066,FinalFieldSpecifier:2.7593848049088066,ClassField:2.7593848049088066,ClassConstantInitializationStatement:2.7593848049088066,PrivateFieldSpecifier:1.2498876929761575,InstanceField:1.1737516973270274,SimpleVariable:1.1047644701605974"
345,73,jArray5,7,Arrays5,"ClassDefinition:0.0,PublicClassSpecifier:0.0024470055113494714,FormalMethodParameter:0.10118806469201419,MethodDefinition:0.02438593624841009,PublicMethodSpecifier:0.02438593624841009,StaticMethodSpecifier:0.047202731434856086,VoidDataType:0.021446065630215578,ArrayCreationStatement:1.2744465129379186,ArrayVariable:0.9470875785515882,ArrayDataType:1.2232939904905373,SimpleAssignmentExpression:0.09352058108524432,IntDataType:0.08763138849046424,ForStatement:0.7625631519590442,LessExpression:0.38165648258578694,ArrayLength:1.5754765086018998,PostIncrementExpression:0.4532606303290731,ArrayElement:1.6255102778998405,ObjectCreationStatement:0.7542906259930543,ConstructorCall:0.7542906259930543,ActualMethodParameter:0.4030195342013126,MultiplyExpression:0.770996319495907,DoubleDataType:1.8771414386859093,ObjectMethodInvocation:0.6723865216099562,ConstructorDefinition:1.2633802637811578,PublicConstructorSpecifier:1.2633802637811578,AddExpression:0.38866138415444546,SubtractExpression:0.44918271790863373,ReturnStatement:0.7382038060995995,PrivateFieldSpecifier:0.7382038060995995,InstanceField:0.6932366605830763,SimpleVariable:0.6524916928930169"
345,74,jArray2,7,Problem6,"ClassDefinition:0.0,PublicClassSpecifier:0.001445240874180953,FormalMethodParameter:0.042403848553087355,MethodDefinition:0.010219165181686028,PublicMethodSpecifier:0.010219165181686028,StaticMethodSpecifier:0.047202731434856086,VoidDataType:0.010219165181686028,IntDataType:0.18390430875913744,SimpleAssignmentExpression:0.0675736215747451,ArrayInitializationStatement:1.1998128946410145,ArrayInitializer:1.1998128946410145,ArrayVariable:0.9470875785515882,ForStatement:0.7625631519590442,LessExpression:0.38165648258578694,ArrayLength:1.5754765086018998,PostIncrementExpression:0.4532606303290731,IfStatement:0.6035052322021434,ArrayElement:1.6255102778998405,GreaterExpression:0.730378468587643,AddExpression:0.38866138415444546"
345,75,jArray4,7,Arrays4,"ClassDefinition:0.0,PublicClassSpecifier:0.001445240874180953,FormalMethodParameter:0.042403848553087355,MethodDefinition:0.010219165181686028,PublicMethodSpecifier:0.010219165181686028,StaticMethodSpecifier:0.047202731434856086,VoidDataType:0.010219165181686028,ArrayCreationStatement:1.2744465129379186,ArrayVariable:0.9470875785515882,ArrayDataType:1.2232939904905373,IntDataType:0.18390430875913744,SimpleAssignmentExpression:0.0675736215747451,ForStatement:0.7625631519590442,LessExpression:0.38165648258578694,ArrayLength:1.5754765086018998,PostIncrementExpression:0.4532606303290731,ArrayElement:1.6255102778998405,MultiplyExpression:0.770996319495907"
345,76,jArray1,7,Problem5,"ClassDefinition:0.0,PublicClassSpecifier:0.001445240874180953,FormalMethodParameter:0.042403848553087355,MethodDefinition:0.010219165181686028,PublicMethodSpecifier:0.010219165181686028,StaticMethodSpecifier:0.047202731434856086,VoidDataType:0.010219165181686028,ArrayInitializationStatement:1.1998128946410145,ArrayInitializer:1.1998128946410145,ArrayVariable:0.9470875785515882,ArrayDataType:1.2232939904905373,IntDataType:0.18390430875913744,SimpleAssignmentExpression:0.05942721691720237,WhileStatement:0.770996319495907,LessExpression:0.38165648258578694,AddAssignmentExpression:0.7542906259930543,ArrayElement:0.9600525557159558,PostIncrementExpression:0.4532606303290731"
345,77,jEnhancedForLoop,7,EnhancedForLoop,"ClassDefinition:0.0,FormalMethodParameter:0.042403848553087355,MethodDefinition:0.010219165181686028,PublicMethodSpecifier:0.010219165181686028,StaticMethodSpecifier:0.047202731434856086,VoidDataType:0.010219165181686028,ArrayInitializationStatement:1.1998128946410145,ArrayInitializer:1.1998128946410145,ArrayVariable:0.9470875785515882,IntDataType:0.18390430875913744,SimpleAssignmentExpression:0.047945504424613664,ForEachStatement:1.4785664955938433,IfStatement:0.6035052322021434,LessExpression:0.38165648258578694,java.lang.System.out.println:0.8351138191076559,ActualMethodParameter:0.4030195342013126"
345,78,j2D_arrays3,7,Problem7,"ClassDefinition:0.0,PublicClassSpecifier:0.001445240874180953,FormalMethodParameter:0.042403848553087355,MethodDefinition:0.010219165181686028,PublicMethodSpecifier:0.010219165181686028,StaticMethodSpecifier:0.047202731434856086,VoidDataType:0.010219165181686028,Constant:2.1578255201552907,ConstantInitializationStatement:2.2052822744937375,IntDataType:0.2581541967298676,SimpleAssignmentExpression:0.08720173872487652,ArrayCreationStatement:1.2744465129379186,ArrayVariable:0.9470875785515882,MultiDimensionalArrayDataType:1.6334684555795864,ForStatement:1.8197001495176777"
345,79,j2D_Arrays2,7,2DArrays2,"ClassDefinition:0.0,PublicClassSpecifier:0.001445240874180953,FormalMethodParameter:0.042403848553087355,MethodDefinition:0.010219165181686028,PublicMethodSpecifier:0.010219165181686028,StaticMethodSpecifier:0.047202731434856086,VoidDataType:0.010219165181686028,ArrayCreationStatement:1.2744465129379186,ArrayVariable:0.9470875785515882,MultiDimensionalArrayDataType:1.6334684555795864,IntDataType:0.2091142882119013,SimpleAssignmentExpression:0.07389246393511288,ForStatement:1.291131650738361"
345,80,j2D_arrays4,7,2DArrays4,"ClassDefinition:0.0,PublicClassSpecifier:0.001445240874180953,FormalMethodParameter:0.042403848553087355,MethodDefinition:0.010219165181686028,PublicMethodSpecifier:0.010219165181686028,StaticMethodSpecifier:0.047202731434856086,VoidDataType:0.010219165181686028,ArrayInitializationStatement:1.1998128946410145,ArrayInitializer:1.1998128946410145,ArrayVariable:0.9470875785515882,MultiDimensionalArrayDataType:1.6334684555795864,IntDataType:0.2091142882119013,SimpleAssignmentExpression:0.0675736215747451,ForStatement:1.291131650738361"
345,81,j2D_Arrays1,7,2DArrays1,"ClassDefinition:0.0,PublicClassSpecifier:0.001445240874180953,FormalMethodParameter:0.042403848553087355,MethodDefinition:0.010219165181686028,PublicMethodSpecifier:0.010219165181686028,StaticMethodSpecifier:0.047202731434856086,VoidDataType:0.010219165181686028,ArrayInitializationStatement:1.1998128946410145,ArrayInitializer:1.1998128946410145,ArrayVariable:0.9470875785515882,MultiDimensionalArrayDataType:1.6334684555795864,IntDataType:0.2091142882119013,SimpleAssignmentExpression:0.0675736215747451,ArrayElement:1.6255102778998405,AddExpression:0.38866138415444546"
345,82,jArrayList4,7,ArrayList4,"java.util.ArrayList:2.310507827583246,ImportStatement:1.2481175742155695,ClassDefinition:0.0,PublicClassSpecifier:0.0024470055113494714,FormalMethodParameter:0.11838134572979397,MethodDefinition:0.026666277058518033,PublicMethodSpecifier:0.026666277058518033,StaticMethodSpecifier:0.047202731434856086,VoidDataType:0.021446065630215578,SimpleAssignmentExpression:0.10095005156915493,GenericObjectCreationStatement:1.3646231432870066,ObjectMethodInvocation:2.2846989832718094,ActualMethodParameter:1.331006305838659,ObjectCreationStatement:2.4911089771898083,ConstructorCall:2.4911089771898083,DoubleDataType:1.9807902780987696,MultiplyExpression:0.770996319495907,IntDataType:0.2286686674462587,ForEachStatement:1.4785664955938433,IfStatement:0.6035052322021434,GreaterEqualExpression:1.7004152452101997,PostIncrementExpression:0.4532606303290731,ConstructorDefinition:1.7805877917914408,PublicConstructorSpecifier:1.7805877917914408,ReturnStatement:1.2498876929761575,AddExpression:0.38866138415444546,SubtractExpression:0.44918271790863373,PrivateFieldSpecifier:1.2498876929761575,InstanceField:1.1737516973270274,SimpleVariable:1.1047644701605974"
345,83,jArrayList5,7,ArrayList5,"java.util.ArrayList:2.310507827583246,ImportStatement:1.2481175742155695,ClassDefinition:0.0,PublicClassSpecifier:0.0024470055113494714,FormalMethodParameter:0.11838134572979397,MethodDefinition:0.026666277058518033,PublicMethodSpecifier:0.026666277058518033,StaticMethodSpecifier:0.047202731434856086,VoidDataType:0.021446065630215578,SimpleAssignmentExpression:0.09868345121746523,GenericObjectCreationStatement:1.3646231432870066,IntDataType:0.2286686674462587,ForStatement:0.7625631519590442,LessExpression:0.38165648258578694,PostIncrementExpression:0.4532606303290731,IfStatement:0.6035052322021434,ModulusExpression:1.0635931476230254,EqualExpression:0.8351138191076559,ObjectMethodInvocation:1.1384493433104061,ActualMethodParameter:0.6823713880435349,ObjectCreationStatement:0.7542906259930543,ConstructorCall:0.7542906259930543,AddExpression:0.6580609267736252,MultiplyExpression:0.770996319495907,ForEachStatement:1.4785664955938433,java.lang.System.out.println:0.8351138191076559,ConstructorDefinition:1.7805877917914408,PublicConstructorSpecifier:1.7805877917914408,DoubleDataType:1.8771414386859093,ReturnStatement:1.2498876929761575,SubtractExpression:0.44918271790863373,PrivateFieldSpecifier:1.2498876929761575,InstanceField:1.1737516973270274,SimpleVariable:1.1047644701605974"
345,84,jArrayList1,7,ArrayList1,"java.util.ArrayList:2.310507827583246,ImportStatement:1.2481175742155695,ClassDefinition:0.0,PublicClassSpecifier:0.0024470055113494714,FormalMethodParameter:0.11838134572979397,MethodDefinition:0.026666277058518033,PublicMethodSpecifier:0.026666277058518033,StaticMethodSpecifier:0.047202731434856086,VoidDataType:0.021446065630215578,SimpleAssignmentExpression:0.09868345121746523,GenericObjectCreationStatement:1.3646231432870066,ObjectMethodInvocation:1.8771414386859093,ActualMethodParameter:1.1251336008903943,ObjectCreationStatement:1.9682745564599264,ConstructorCall:1.9682745564599264,DoubleDataType:1.9807902780987696,ConstructorDefinition:1.7805877917914408,PublicConstructorSpecifier:1.7805877917914408,IntDataType:0.2091142882119013,ReturnStatement:1.2498876929761575,AddExpression:0.38866138415444546,SubtractExpression:0.44918271790863373,PrivateFieldSpecifier:1.2498876929761575,InstanceField:1.1737516973270274,SimpleVariable:1.1047644701605974"
345,85,jArrayList2,7,ArrayList2,"java.util.ArrayList:2.310507827583246,ImportStatement:1.2481175742155695,ClassDefinition:0.0,PublicClassSpecifier:0.001445240874180953,FormalMethodParameter:0.042403848553087355,MethodDefinition:0.010219165181686028,PublicMethodSpecifier:0.010219165181686028,StaticMethodSpecifier:0.047202731434856086,VoidDataType:0.010219165181686028,StringDataType:2.5716841865910154,SimpleAssignmentExpression:0.05942721691720237,GenericObjectCreationStatement:1.3646231432870066,IntDataType:0.08763138849046424,ObjectMethodInvocation:2.149770712360963,ActualMethodParameter:1.2410750957279792,StringLiteral:2.4601702753255865,IfElseIfStatement:1.6334684555795864,ModulusExpression:1.8008197391608032,EqualExpression:1.413970608268776,IfElseStatement:1.177536499929862"
345,86,jArrayList3,7,ArrayList3,"java.util.ArrayList:2.310507827583246,ImportStatement:1.2481175742155695,ClassDefinition:0.0,PublicClassSpecifier:0.001445240874180953,FormalMethodParameter:0.042403848553087355,MethodDefinition:0.010219165181686028,PublicMethodSpecifier:0.010219165181686028,StaticMethodSpecifier:0.047202731434856086,VoidDataType:0.010219165181686028,StringDataType:1.413970608268776,SimpleAssignmentExpression:0.05942721691720237,GenericObjectCreationStatement:1.3646231432870066,IntDataType:0.14837283835118278,ForStatement:0.7625631519590442,LessExpression:0.38165648258578694,PostIncrementExpression:0.4532606303290731,ObjectMethodInvocation:1.4110786169854597,ActualMethodParameter:0.8457817470481722,StringLiteral:0.8351138191076559,StringAddition:1.2232939904905373,java.lang.System.out.println:1.413970608268776"
345,87,jInheritance2,8,Inheritance2,"ClassDefinition:0.0,PublicClassSpecifier:0.00344877014851799,FormalMethodParameter:0.11838134572979397,MethodDefinition:0.037188127956963586,PublicMethodSpecifier:0.037188127956963586,StaticMethodSpecifier:0.047202731434856086,VoidDataType:0.010219165181686028,SimpleAssignmentExpression:0.105002293577833,ObjectCreationStatement:1.799959467452818,ConstructorCall:1.799959467452818,ActualMethodParameter:1.2410750957279792,IntDataType:0.3124014620925428,IfElseIfStatement:2.765702510098185,LessExpression:0.9959088951855976,java.lang.System.out.println:1.9928273974298958,ObjectMethodInvocation:1.7545508812987103,IfElseStatement:2.4711925691080436,ExtendsSpecification:2.3693651897863552,PrivateFieldSpecifier:1.54920357902219,InstanceField:1.4548349748548874,DoubleDataType:1.8771414386859093,SimpleVariable:1.3693270849591437,PublicFieldSpecifier:3.0174162258609356,StaticFieldSpecifier:3.0174162258609356,FinalFieldSpecifier:3.0174162258609356,ClassField:3.0174162258609356,ClassConstantInitializationStatement:3.0174162258609356,ConstructorDefinition:1.5659272727578606,PublicConstructorSpecifier:1.5659272727578606"
345,88,jInheritance4,8,Inheritance4,"java.util.ArrayList:2.310507827583246,ImportStatement:1.2481175742155695,ClassDefinition:0.0,PublicClassSpecifier:0.00344877014851799,FormalMethodParameter:0.11838134572979397,MethodDefinition:0.037188127956963586,PublicMethodSpecifier:0.037188127956963586,StaticMethodSpecifier:0.047202731434856086,VoidDataType:0.010219165181686028,SimpleAssignmentExpression:0.09621951635796391,GenericObjectCreationStatement:1.3646231432870066,ObjectMethodInvocation:1.8771414386859093,ActualMethodParameter:1.0516544519964366,ObjectCreationStatement:1.799959467452818,ConstructorCall:1.799959467452818,java.lang.System.out.println:0.8351138191076559,ExtendsSpecification:2.3693651897863552,PrivateFieldSpecifier:1.54920357902219,InstanceField:1.4548349748548874,DoubleDataType:1.8771414386859093,SimpleVariable:1.3693270849591437,PublicFieldSpecifier:3.0174162258609356,StaticFieldSpecifier:3.0174162258609356,FinalFieldSpecifier:3.0174162258609356,ClassField:3.0174162258609356,ClassConstantInitializationStatement:3.0174162258609356,IntDataType:0.3053872084805745,ConstructorDefinition:1.5659272727578606,PublicConstructorSpecifier:1.5659272727578606"
345,89,jInheritance6,8,Inheritance6,"ClassDefinition:0.0,PublicClassSpecifier:0.00344877014851799,FormalMethodParameter:0.11838134572979397,MethodDefinition:0.037188127956963586,PublicMethodSpecifier:0.037188127956963586,StaticMethodSpecifier:0.047202731434856086,VoidDataType:0.010219165181686028,SimpleAssignmentExpression:0.1145303082093471,ObjectCreationStatement:1.799959467452818,ConstructorCall:1.799959467452818,ActualMethodParameter:1.1872593360711918,IntDataType:0.3124014620925428,IfElseStatement:3.0727083861919366,java.lang.String.equals:3.5685123294367225,ObjectMethodInvocation:1.604512165010856,MultiplyExpression:2.2712858824872852,AddExpression:0.9274604693928049,ExtendsSpecification:2.3693651897863552,PrivateFieldSpecifier:1.54920357902219,InstanceField:1.4548349748548874,DoubleDataType:1.8771414386859093,SimpleVariable:1.3693270849591437,PublicFieldSpecifier:3.0174162258609356,StaticFieldSpecifier:3.0174162258609356,FinalFieldSpecifier:3.0174162258609356,ClassField:3.0174162258609356,ClassConstantInitializationStatement:3.0174162258609356,ConstructorDefinition:1.5659272727578606,PublicConstructorSpecifier:1.5659272727578606"
345,90,jInheritance1,8,Inheritance1,"ClassDefinition:0.0,PublicClassSpecifier:0.00344877014851799,FormalMethodParameter:0.11838134572979397,MethodDefinition:0.037188127956963586,PublicMethodSpecifier:0.037188127956963586,StaticMethodSpecifier:0.047202731434856086,VoidDataType:0.010219165181686028,SimpleAssignmentExpression:0.10095005156915493,ObjectCreationStatement:1.5829635769361852,ConstructorCall:1.5829635769361852,ActualMethodParameter:1.1872593360711918,java.lang.System.out.println:1.9928273974298958,ObjectMethodInvocation:1.7545508812987103,ExplicitTypeCasting:2.619314878951426,ExtendsSpecification:2.3693651897863552,PrivateFieldSpecifier:1.54920357902219,InstanceField:1.4548349748548874,DoubleDataType:1.8771414386859093,SimpleVariable:1.3693270849591437,PublicFieldSpecifier:3.0174162258609356,StaticFieldSpecifier:3.0174162258609356,FinalFieldSpecifier:3.0174162258609356,ClassField:3.0174162258609356,ClassConstantInitializationStatement:3.0174162258609356,IntDataType:0.3053872084805745,ConstructorDefinition:1.5659272727578606,PublicConstructorSpecifier:1.5659272727578606"
345,91,jInheritance3,8,Inheritance3,"ClassDefinition:0.0,PublicClassSpecifier:0.00344877014851799,FormalMethodParameter:0.11838134572979397,MethodDefinition:0.037188127956963586,PublicMethodSpecifier:0.037188127956963586,StaticMethodSpecifier:0.047202731434856086,VoidDataType:0.010219165181686028,SimpleAssignmentExpression:0.10095005156915493,ObjectCreationStatement:1.5829635769361852,ConstructorCall:1.5829635769361852,ActualMethodParameter:1.1251336008903943,java.lang.System.out.println:1.7525801232158837,ObjectMethodInvocation:1.604512165010856,ExtendsSpecification:2.3693651897863552,PrivateFieldSpecifier:1.54920357902219,InstanceField:1.4548349748548874,DoubleDataType:1.8771414386859093,SimpleVariable:1.3693270849591437,PublicFieldSpecifier:3.0174162258609356,StaticFieldSpecifier:3.0174162258609356,FinalFieldSpecifier:3.0174162258609356,ClassField:3.0174162258609356,ClassConstantInitializationStatement:3.0174162258609356,IntDataType:0.3053872084805745,ConstructorDefinition:1.5659272727578606,PublicConstructorSpecifier:1.5659272727578606"
345,92,jInheritance5,8,Inheritance5,"ClassDefinition:0.0,PublicClassSpecifier:0.00344877014851799,FormalMethodParameter:0.11838134572979397,MethodDefinition:0.037188127956963586,PublicMethodSpecifier:0.037188127956963586,StaticMethodSpecifier:0.047202731434856086,VoidDataType:0.010219165181686028,SimpleAssignmentExpression:0.10095005156915493,ObjectCreationStatement:1.5829635769361852,ConstructorCall:1.5829635769361852,ActualMethodParameter:1.1251336008903943,MultiplyExpression:1.6180223506119946,java.lang.System.out.println:1.7525801232158837,ExtendsSpecification:2.3693651897863552,PrivateFieldSpecifier:1.54920357902219,InstanceField:1.4548349748548874,DoubleDataType:1.8771414386859093,SimpleVariable:1.3693270849591437,PublicFieldSpecifier:3.0174162258609356,StaticFieldSpecifier:3.0174162258609356,FinalFieldSpecifier:3.0174162258609356,ClassField:3.0174162258609356,ClassConstantInitializationStatement:3.0174162258609356,IntDataType:0.3053872084805745,ConstructorDefinition:1.5659272727578606,PublicConstructorSpecifier:1.5659272727578606"
345,93,jInterfaces3,9,Interfaces3,"ClassDefinition:0.0,PublicClassSpecifier:0.00344877014851799,FormalMethodParameter:0.12491792781154451,MethodDefinition:0.03917224033955355,PublicMethodSpecifier:0.03917224033955355,StaticMethodSpecifier:0.047202731434856086,VoidDataType:0.03267296607874512,DoubleDataType:2.2846989832718094,SimpleAssignmentExpression:0.12367040735995831,MultiplyExpression:1.6180223506119946,ObjectCreationStatement:1.2771250467229363,ConstructorCall:1.2771250467229363,ActualMethodParameter:1.1872593360711918,False:3.428016974031039,IfStatement:2.050647575608746,ObjectMethodInvocation:2.0705749867113057,IntDataType:0.3053872084805745,ImplementsSpecification:2.8790532782087976,MethodImplementation:2.8790532782087976,PublicFieldSpecifier:3.4064949548449532,StaticFieldSpecifier:3.4064949548449532,FinalFieldSpecifier:3.0174162258609356,ClassField:3.4064949548449532,ClassConstantInitializationStatement:3.0174162258609356,StringVariable:2.0717601284048004,StringDataType:1.9928273974298958,StringLiteral:1.413970608268776,PrivateFieldSpecifier:2.0608874658987477,InstanceField:1.9353500115988385,SimpleVariable:1.821599862226724,ConstructorDefinition:1.5659272727578606,PublicConstructorSpecifier:1.5659272727578606,InstanceFieldInvocation:3.256885317333389,ThisReference:3.256885317333389,ReturnStatement:2.437980885616004,NotEqualExpression:1.6334684555795864,java.lang.String.equalsIgnoreCase:2.8790532782087976,LessExpression:0.9959088951855976,AddAssignmentExpression:2.2220724104502243,SubtractExpression:0.9426603716603998,GreaterExpression:1.2366382448308584,BooleanDataType:3.041204527372663,True:2.765702510098185,NotExpression:1.7004152452101997,InterfaceDefinition:1.7004152452101997,PublicInterfaceSpecifier:1.7004152452101997,AbstractMethodDefinition:2.8790532782087976,InstanceFieldInitializationStatement:2.58090485941742,AddExpression:0.6580609267736252,IfElseStatement:1.177536499929862"
345,94,jInterfaces5,9,Interfaces5,"ClassDefinition:0.0,PublicClassSpecifier:0.00344877014851799,FormalMethodParameter:0.12491792781154451,MethodDefinition:0.03917224033955355,PublicMethodSpecifier:0.03917224033955355,StaticMethodSpecifier:0.047202731434856086,VoidDataType:0.03267296607874512,IntDataType:0.3053872084805745,SimpleAssignmentExpression:0.12463041072796445,DoubleDataType:2.2846989832718094,MultiplyExpression:1.6180223506119946,ObjectCreationStatement:1.5829635769361852,ConstructorCall:1.5829635769361852,ActualMethodParameter:1.331006305838659,False:3.428016974031039,StringLiteral:1.7525801232158837,StringDataType:2.179177660777151,IfStatement:2.103159396883101,ObjectMethodInvocation:2.2846989832718094,AddAssignmentExpression:2.4116365278793155,ImplementsSpecification:2.8790532782087976,MethodImplementation:2.8790532782087976,PublicFieldSpecifier:3.4064949548449532,StaticFieldSpecifier:3.4064949548449532,FinalFieldSpecifier:3.0174162258609356,ClassField:3.4064949548449532,ClassConstantInitializationStatement:3.0174162258609356,StringVariable:2.0717601284048004,PrivateFieldSpecifier:2.0608874658987477,InstanceField:1.9353500115988385,SimpleVariable:1.821599862226724,ConstructorDefinition:1.5659272727578606,PublicConstructorSpecifier:1.5659272727578606,InstanceFieldInvocation:3.256885317333389,ThisReference:3.256885317333389,ReturnStatement:2.437980885616004,NotEqualExpression:1.6334684555795864,java.lang.String.equalsIgnoreCase:2.8790532782087976,LessExpression:0.9959088951855976,SubtractExpression:0.9426603716603998,GreaterExpression:1.2366382448308584,BooleanDataType:3.041204527372663,True:2.765702510098185,NotExpression:1.7004152452101997,InterfaceDefinition:1.7004152452101997,PublicInterfaceSpecifier:1.7004152452101997,AbstractMethodDefinition:2.8790532782087976,InstanceFieldInitializationStatement:2.58090485941742,AddExpression:0.6580609267736252,IfElseStatement:1.177536499929862"
345,95,jInterfaces4,9,Interfaces4,"ClassDefinition:0.0,PublicClassSpecifier:0.00344877014851799,FormalMethodParameter:0.12491792781154451,MethodDefinition:0.03917224033955355,PublicMethodSpecifier:0.03917224033955355,StaticMethodSpecifier:0.047202731434856086,VoidDataType:0.03267296607874512,SimpleAssignmentExpression:0.12164687620264263,ObjectCreationStatement:1.2771250467229363,ConstructorCall:1.2771250467229363,ActualMethodParameter:1.1872593360711918,StringLiteral:1.7525801232158837,StringDataType:2.179177660777151,IfStatement:2.050647575608746,ObjectMethodInvocation:2.0705749867113057,IntDataType:0.3053872084805745,ImplementsSpecification:2.8790532782087976,MethodImplementation:2.8790532782087976,PublicFieldSpecifier:3.4064949548449532,StaticFieldSpecifier:3.4064949548449532,FinalFieldSpecifier:3.0174162258609356,ClassField:3.4064949548449532,ClassConstantInitializationStatement:3.0174162258609356,StringVariable:2.0717601284048004,PrivateFieldSpecifier:2.0608874658987477,InstanceField:1.9353500115988385,SimpleVariable:1.821599862226724,ConstructorDefinition:1.5659272727578606,PublicConstructorSpecifier:1.5659272727578606,InstanceFieldInvocation:3.256885317333389,ThisReference:3.256885317333389,ReturnStatement:2.437980885616004,NotEqualExpression:1.6334684555795864,java.lang.String.equalsIgnoreCase:2.8790532782087976,LessExpression:0.9959088951855976,AddAssignmentExpression:2.2220724104502243,SubtractExpression:0.9426603716603998,GreaterExpression:1.2366382448308584,DoubleDataType:2.149770712360963,BooleanDataType:3.041204527372663,True:2.765702510098185,False:2.765702510098185,NotExpression:1.7004152452101997,InterfaceDefinition:1.7004152452101997,PublicInterfaceSpecifier:1.7004152452101997,AbstractMethodDefinition:2.8790532782087976,InstanceFieldInitializationStatement:2.58090485941742,AddExpression:0.6580609267736252,IfElseStatement:1.177536499929862,MultiplyExpression:0.770996319495907"
345,96,jInterfaces1,9,Interfaces1,"ClassDefinition:0.0,PublicClassSpecifier:0.00303300025864159,FormalMethodParameter:0.11065021004754003,MethodDefinition:0.037188127956963586,PublicMethodSpecifier:0.037188127956963586,StaticMethodSpecifier:0.047202731434856086,VoidDataType:0.03146932178177212,SimpleAssignmentExpression:0.11314869823537574,ObjectCreationStatement:1.2771250467229363,ConstructorCall:1.2771250467229363,ActualMethodParameter:1.331006305838659,True:2.765702510098185,StringLiteral:1.7525801232158837,StringDataType:2.179177660777151,ExplicitTypeCasting:2.1132467517904097,java.lang.System.out.println:1.9928273974298958,ObjectMethodInvocation:1.8771414386859093,ImplementsSpecification:2.8790532782087976,MethodImplementation:2.8790532782087976,PublicFieldSpecifier:3.0174162258609356,StaticFieldSpecifier:3.0174162258609356,FinalFieldSpecifier:3.0174162258609356,ClassField:3.0174162258609356,ClassConstantInitializationStatement:3.0174162258609356,IntDataType:0.2581541967298676,StringVariable:2.0717601284048004,PrivateFieldSpecifier:1.9262969987394463,InstanceField:1.8089580244146897,SimpleVariable:1.7026365609833463,ConstructorDefinition:1.2633802637811578,PublicConstructorSpecifier:1.2633802637811578,InstanceFieldInvocation:3.256885317333389,ThisReference:3.256885317333389,ReturnStatement:2.1746820844600707,IfStatement:1.993127383414709,NotEqualExpression:1.6334684555795864,java.lang.String.equalsIgnoreCase:2.8790532782087976,LessExpression:0.9959088951855976,AddAssignmentExpression:2.2220724104502243,SubtractExpression:0.9426603716603998,GreaterExpression:0.730378468587643,DoubleDataType:2.149770712360963,BooleanDataType:2.6745691133017373,False:1.6334684555795864,NotExpression:1.7004152452101997,InterfaceDefinition:1.7004152452101997,PublicInterfaceSpecifier:1.7004152452101997,AbstractMethodDefinition:2.8790532782087976"
345,97,jInterfaces2,9,Interfaces2,"ClassDefinition:0.0,PublicClassSpecifier:0.00303300025864159,FormalMethodParameter:0.11065021004754003,MethodDefinition:0.037188127956963586,PublicMethodSpecifier:0.037188127956963586,StaticMethodSpecifier:0.047202731434856086,VoidDataType:0.03146932178177212,IntDataType:0.2698557380726198,SimpleAssignmentExpression:0.11314869823537574,ObjectCreationStatement:1.2771250467229363,ConstructorCall:1.2771250467229363,ActualMethodParameter:1.1251336008903943,False:2.765702510098185,AddAssignmentExpression:2.4116365278793155,ObjectMethodInvocation:1.604512165010856,StringLiteral:1.7525801232158837,StringDataType:2.179177660777151,ImplementsSpecification:2.8790532782087976,MethodImplementation:2.8790532782087976,PublicFieldSpecifier:3.0174162258609356,StaticFieldSpecifier:3.0174162258609356,FinalFieldSpecifier:3.0174162258609356,ClassField:3.0174162258609356,ClassConstantInitializationStatement:3.0174162258609356,StringVariable:2.0717601284048004,PrivateFieldSpecifier:1.9262969987394463,InstanceField:1.8089580244146897,SimpleVariable:1.7026365609833463,ConstructorDefinition:1.2633802637811578,PublicConstructorSpecifier:1.2633802637811578,InstanceFieldInvocation:3.256885317333389,ThisReference:3.256885317333389,ReturnStatement:2.1746820844600707,IfStatement:1.993127383414709,NotEqualExpression:1.6334684555795864,java.lang.String.equalsIgnoreCase:2.8790532782087976,LessExpression:0.9959088951855976,SubtractExpression:0.9426603716603998,GreaterExpression:0.730378468587643,DoubleDataType:2.149770712360963,BooleanDataType:2.6745691133017373,True:1.6334684555795864,NotExpression:1.7004152452101997,InterfaceDefinition:1.7004152452101997,PublicInterfaceSpecifier:1.7004152452101997,AbstractMethodDefinition:2.8790532782087976"