content_name,Concepts
constant_test,"ClassDefinition:0.0,PublicClassSpecifier:0.0024470055113494714,FormalMethodParameter:0.10118806469201419,MethodDefinition:0.028529451163577604,PublicMethodSpecifier:0.028529451163577604,StaticMethodSpecifier:0.047202731434856086,VoidDataType:0.02438593624841009,SimpleAssignmentExpression:0.105002293577833,ObjectCreationStatement:0.7542906259930543,ConstructorCall:0.7542906259930543,ObjectMethodInvocation:1.4110786169854597,ActualMethodParameter:0.6823713880435349,DoubleDataType:2.22061370299916,AddExpression:0.6580609267736252,IntDataType:0.08763138849046424,MultiplyExpression:0.770996319495907,SubtractExpression:0.44918271790863373,ReturnStatement:0.7382038060995995,PublicFieldSpecifier:2.7593848049088066,StaticFieldSpecifier:2.7593848049088066,FinalFieldSpecifier:2.7593848049088066,ClassField:2.7593848049088066,ClassConstantInitializationStatement:2.7593848049088066,PrivateFieldSpecifier:1.2498876929761575,InstanceField:1.1737516973270274,SimpleVariable:1.1047644701605974"
dfdfdfd,"ClassDefinition:0.0,PublicClassSpecifier:0.001445240874180953,MethodDefinition:0.010219165181686028,PublicMethodSpecifier:0.010219165181686028,VoidDataType:0.010219165181686028"
If-else_testing,"ClassDefinition:0.0,PublicClassSpecifier:0.001445240874180953,FormalMethodParameter:0.042403848553087355,MethodDefinition:0.010219165181686028,PublicMethodSpecifier:0.010219165181686028,StaticMethodSpecifier:0.047202731434856086,VoidDataType:0.010219165181686028,IntDataType:0.14837283835118278,SimpleAssignmentExpression:0.0675736215747451,MultiplyExpression:0.770996319495907,IfElseIfStatement:1.6334684555795864,GreaterExpression:1.5327812295566228,IfElseStatement:1.9937426048626723,ModulusExpression:1.8008197391608032,PostIncrementExpression:0.4532606303290731,PostDecrementExpression:1.1361438147716372"
j2DArrays3_Arraycreat_MaxsubNoit,"ClassDefinition:0.0,PublicClassSpecifier:0.001445240874180953,FormalMethodParameter:0.042403848553087355,MethodDefinition:0.010219165181686028,PublicMethodSpecifier:0.010219165181686028,StaticMethodSpecifier:0.047202731434856086,VoidDataType:0.010219165181686028,Constant:1.2744465129379186,ConstantInitializationStatement:1.3024752365381622,IntDataType:0.18390430875913744,SimpleAssignmentExpression:0.07389246393511288,ArrayCreationStatement:1.2744465129379186,ArrayVariable:0.9470875785515882,ArrayDataType:1.2232939904905373,ArrayElement:2.2909680000837254,AddExpression:0.6580609267736252,SubtractExpression:0.44918271790863373,java.lang.System.out.print:1.448177914461923,ActualMethodParameter:0.6823713880435349"
j2DArrays3_Arrayele_MaxsubNoit,"ClassDefinition:0.0,PublicClassSpecifier:0.001445240874180953,FormalMethodParameter:0.042403848553087355,MethodDefinition:0.010219165181686028,PublicMethodSpecifier:0.010219165181686028,StaticMethodSpecifier:0.047202731434856086,VoidDataType:0.010219165181686028,Constant:1.2744465129379186,ConstantInitializationStatement:1.3024752365381622,IntDataType:0.2286686674462587,SimpleAssignmentExpression:0.08720173872487652,ArrayCreationStatement:1.2744465129379186,ArrayVariable:0.9470875785515882,ArrayDataType:1.2232939904905373,ForStatement:0.7625631519590442,LessExpression:0.38165648258578694,PostIncrementExpression:0.4532606303290731,SubtractExpression:0.7605324523832565,ArrayElement:2.2909680000837254,AddExpression:0.6580609267736252,java.lang.System.out.print:1.448177914461923,ActualMethodParameter:0.6823713880435349"
j2DArrays3_Array_Maxsub,"ClassDefinition:0.0,PublicClassSpecifier:0.001445240874180953,FormalMethodParameter:0.042403848553087355,MethodDefinition:0.010219165181686028,PublicMethodSpecifier:0.010219165181686028,StaticMethodSpecifier:0.047202731434856086,VoidDataType:0.010219165181686028,Constant:1.2744465129379186,ConstantInitializationStatement:1.3024752365381622,IntDataType:0.2091142882119013,SimpleAssignmentExpression:0.08720173872487652,ArrayCreationStatement:1.2744465129379186,ArrayVariable:0.9470875785515882,ArrayDataType:1.2232939904905373,SimpleVariable:0.6524916928930169,ForStatement:1.291131650738361"
j2DArrays3_ForArray_Maxsub,"ClassDefinition:0.0,PublicClassSpecifier:0.001445240874180953,FormalMethodParameter:0.042403848553087355,MethodDefinition:0.010219165181686028,PublicMethodSpecifier:0.010219165181686028,StaticMethodSpecifier:0.047202731434856086,VoidDataType:0.010219165181686028,Constant:1.2744465129379186,ConstantInitializationStatement:1.3024752365381622,IntDataType:0.2286686674462587,SimpleAssignmentExpression:0.0790553340673338,ArrayCreationStatement:1.2744465129379186,ArrayVariable:0.9470875785515882,ArrayDataType:1.2232939904905373,ForStatement:1.6003244015867375"
j2DArrays3_ForCons_Maxsub,"ClassDefinition:0.0,PublicClassSpecifier:0.001445240874180953,FormalMethodParameter:0.042403848553087355,MethodDefinition:0.010219165181686028,PublicMethodSpecifier:0.010219165181686028,StaticMethodSpecifier:0.047202731434856086,VoidDataType:0.010219165181686028,Constant:1.2744465129379186,ConstantInitializationStatement:1.3024752365381622,IntDataType:0.2286686674462587,SimpleAssignmentExpression:0.0790553340673338,ArrayCreationStatement:1.2744465129379186,ArrayVariable:0.9470875785515882,ArrayDataType:1.2232939904905373,ForStatement:1.6003244015867375"
j2DArrays3_For_MaxsubNoit,"ClassDefinition:0.0,PublicClassSpecifier:0.001445240874180953,FormalMethodParameter:0.042403848553087355,MethodDefinition:0.010219165181686028,PublicMethodSpecifier:0.010219165181686028,StaticMethodSpecifier:0.047202731434856086,VoidDataType:0.010219165181686028,Constant:1.2744465129379186,ConstantInitializationStatement:1.3024752365381622,IntDataType:0.2091142882119013,SimpleAssignmentExpression:0.07389246393511288,ArrayCreationStatement:1.2744465129379186,ArrayVariable:0.9470875785515882,ArrayDataType:1.2232939904905373,ForStatement:0.7625631519590442,LessExpression:0.38165648258578694,PostIncrementExpression:0.4532606303290731,ArrayElement:1.6255102778998405,AddExpression:0.38866138415444546,java.lang.System.out.print:0.8553172051959429,ActualMethodParameter:0.4030195342013126"
j2DArrays3_Multid_Maxsub,"ClassDefinition:0.0,PublicClassSpecifier:0.001445240874180953,FormalMethodParameter:0.042403848553087355,MethodDefinition:0.010219165181686028,PublicMethodSpecifier:0.010219165181686028,StaticMethodSpecifier:0.047202731434856086,VoidDataType:0.010219165181686028,Constant:1.2744465129379186,ConstantInitializationStatement:1.3024752365381622,IntDataType:0.24464575861985594,SimpleAssignmentExpression:0.08342047856662699,ArrayCreationStatement:1.2744465129379186,ArrayVariable:0.9470875785515882,MultiDimensionalArrayDataType:1.6334684555795864,ForStatement:1.8197001495176777"
j2DArrays3_Multid_MaxsubNoit,"ClassDefinition:0.0,PublicClassSpecifier:0.001445240874180953,FormalMethodParameter:0.042403848553087355,MethodDefinition:0.010219165181686028,PublicMethodSpecifier:0.010219165181686028,StaticMethodSpecifier:0.047202731434856086,VoidDataType:0.010219165181686028,Constant:1.2744465129379186,ConstantInitializationStatement:1.3024752365381622,IntDataType:0.2286686674462587,SimpleAssignmentExpression:0.08720173872487652,ArrayCreationStatement:1.2744465129379186,ArrayVariable:0.9470875785515882,MultiDimensionalArrayDataType:1.6334684555795864,ForStatement:0.7625631519590442,LessExpression:0.38165648258578694,PostIncrementExpression:0.4532606303290731,SubtractExpression:0.7605324523832565,ArrayElement:2.2909680000837254,AddExpression:0.6580609267736252,java.lang.System.out.print:1.448177914461923,ActualMethodParameter:0.6823713880435349"
jAddaArithm_Minsub,"ClassDefinition:0.0,PublicClassSpecifier:0.001445240874180953,FormalMethodParameter:0.042403848553087355,MethodDefinition:0.010219165181686028,PublicMethodSpecifier:0.010219165181686028,StaticMethodSpecifier:0.047202731434856086,VoidDataType:0.010219165181686028,IntDataType:0.14837283835118278,SimpleAssignmentExpression:0.047945504424613664,AddAssignmentExpression:0.7542906259930543,SubtractExpression:0.44918271790863373"
jAdd_Minsub,"ClassDefinition:0.0,PublicClassSpecifier:0.001445240874180953,FormalMethodParameter:0.042403848553087355,MethodDefinition:0.010219165181686028,PublicMethodSpecifier:0.010219165181686028,StaticMethodSpecifier:0.047202731434856086,VoidDataType:0.010219165181686028,IntDataType:0.14837283835118278,SimpleAssignmentExpression:0.05942721691720237,AddExpression:0.6580609267736252"
jArray1_WhileAdda_Maxsub,"ClassDefinition:0.0,PublicClassSpecifier:0.001445240874180953,FormalMethodParameter:0.042403848553087355,MethodDefinition:0.010219165181686028,PublicMethodSpecifier:0.010219165181686028,StaticMethodSpecifier:0.047202731434856086,VoidDataType:0.010219165181686028,ArrayInitializationStatement:1.1998128946410145,ArrayInitializer:1.1998128946410145,ArrayVariable:0.9470875785515882,ArrayDataType:1.2232939904905373,IntDataType:0.18390430875913744,SimpleAssignmentExpression:0.05942721691720237,ArrayElement:0.9600525557159558,WhileStatement:0.770996319495907,LessExpression:0.38165648258578694,AddAssignmentExpression:0.7542906259930543,PostIncrementExpression:0.4532606303290731"
jArray1_WhileArray_Maxsub,"ClassDefinition:0.0,PublicClassSpecifier:0.001445240874180953,FormalMethodParameter:0.042403848553087355,MethodDefinition:0.010219165181686028,PublicMethodSpecifier:0.010219165181686028,StaticMethodSpecifier:0.047202731434856086,VoidDataType:0.010219165181686028,ArrayInitializationStatement:1.1998128946410145,ArrayInitializer:1.1998128946410145,ArrayVariable:0.9470875785515882,ArrayDataType:1.2232939904905373,IntDataType:0.18390430875913744,SimpleAssignmentExpression:0.0675736215747451,WhileStatement:0.770996319495907,LessExpression:0.38165648258578694,ArrayElement:0.9600525557159558,PostIncrementExpression:0.4532606303290731,AddAssignmentExpression:0.7542906259930543"
jArray1_WhileArray_MaxsubNoit,"ClassDefinition:0.0,PublicClassSpecifier:0.001445240874180953,FormalMethodParameter:0.042403848553087355,MethodDefinition:0.010219165181686028,PublicMethodSpecifier:0.010219165181686028,StaticMethodSpecifier:0.047202731434856086,VoidDataType:0.010219165181686028,ArrayInitializationStatement:1.1998128946410145,ArrayInitializer:1.1998128946410145,ArrayVariable:0.9470875785515882,ArrayDataType:1.2232939904905373,IntDataType:0.18390430875913744,SimpleAssignmentExpression:0.05942721691720237,ArrayElement:0.9600525557159558,WhileStatement:0.770996319495907,LessExpression:0.38165648258578694,PostIncrementExpression:0.4532606303290731,AddAssignmentExpression:0.7542906259930543"
jArray2_ArrayAdd_Maxsub,"ClassDefinition:0.0,PublicClassSpecifier:0.001445240874180953,FormalMethodParameter:0.042403848553087355,MethodDefinition:0.010219165181686028,PublicMethodSpecifier:0.010219165181686028,StaticMethodSpecifier:0.047202731434856086,VoidDataType:0.010219165181686028,IntDataType:0.18390430875913744,SimpleAssignmentExpression:0.07389246393511288,ArrayInitializationStatement:1.1998128946410145,ArrayInitializer:1.1998128946410145,ArrayVariable:0.9470875785515882,SimpleVariable:0.6524916928930169,ForStatement:0.7625631519590442,LessExpression:0.38165648258578694,PostIncrementExpression:0.4532606303290731,ArrayElement:1.6255102778998405,IfStatement:0.6035052322021434,GreaterExpression:0.730378468587643,AddExpression:0.38866138415444546"
jArray2_ForAdd_Maxsub,"ClassDefinition:0.0,PublicClassSpecifier:0.001445240874180953,FormalMethodParameter:0.042403848553087355,MethodDefinition:0.010219165181686028,PublicMethodSpecifier:0.010219165181686028,StaticMethodSpecifier:0.047202731434856086,VoidDataType:0.010219165181686028,IntDataType:0.18390430875913744,SimpleAssignmentExpression:0.0675736215747451,ArrayInitializationStatement:1.1998128946410145,ArrayInitializer:1.1998128946410145,ArrayVariable:0.9470875785515882,ForStatement:0.7625631519590442,LessExpression:0.38165648258578694,ArrayLength:1.5754765086018998,PostIncrementExpression:0.4532606303290731,AddExpression:0.38866138415444546,ArrayElement:0.9600525557159558"
jArray2_ForArray_Maxsub,"ClassDefinition:0.0,PublicClassSpecifier:0.001445240874180953,FormalMethodParameter:0.042403848553087355,MethodDefinition:0.010219165181686028,PublicMethodSpecifier:0.010219165181686028,StaticMethodSpecifier:0.047202731434856086,VoidDataType:0.010219165181686028,IntDataType:0.18390430875913744,SimpleAssignmentExpression:0.07389246393511288,ArrayInitializationStatement:1.1998128946410145,ArrayInitializer:1.1998128946410145,ArrayVariable:0.9470875785515882,SimpleVariable:0.6524916928930169,ForStatement:0.7625631519590442,LessExpression:0.38165648258578694,PostIncrementExpression:0.4532606303290731,ArrayElement:1.6255102778998405,IfStatement:0.6035052322021434,GreaterExpression:0.730378468587643,AddExpression:0.38866138415444546"
jArray2_ForIf_Maxsub,"ClassDefinition:0.0,PublicClassSpecifier:0.001445240874180953,FormalMethodParameter:0.042403848553087355,MethodDefinition:0.010219165181686028,PublicMethodSpecifier:0.010219165181686028,StaticMethodSpecifier:0.047202731434856086,VoidDataType:0.010219165181686028,IntDataType:0.18390430875913744,SimpleAssignmentExpression:0.07389246393511288,ArrayInitializationStatement:1.1998128946410145,ArrayInitializer:1.1998128946410145,ArrayVariable:0.9470875785515882,SimpleVariable:0.6524916928930169,ForStatement:0.7625631519590442,LessExpression:0.38165648258578694,PostIncrementExpression:0.4532606303290731,IfStatement:0.6035052322021434,ArrayElement:1.6255102778998405,GreaterExpression:0.730378468587643,AddExpression:0.38866138415444546"
jArray2_ForIf_MaxsubNoit,"ClassDefinition:0.0,PublicClassSpecifier:0.001445240874180953,FormalMethodParameter:0.042403848553087355,MethodDefinition:0.010219165181686028,PublicMethodSpecifier:0.010219165181686028,StaticMethodSpecifier:0.047202731434856086,VoidDataType:0.010219165181686028,IntDataType:0.18390430875913744,SimpleAssignmentExpression:0.07389246393511288,ArrayInitializationStatement:1.1998128946410145,ArrayInitializer:1.1998128946410145,ArrayVariable:0.9470875785515882,SimpleVariable:0.6524916928930169,ForStatement:0.7625631519590442,LessExpression:0.38165648258578694,PostIncrementExpression:0.4532606303290731,IfStatement:0.6035052322021434,ArrayElement:0.9600525557159558,GreaterExpression:0.730378468587643,AddExpression:0.38866138415444546"
jArray2_For_MaxsubNoit,"ClassDefinition:0.0,PublicClassSpecifier:0.001445240874180953,FormalMethodParameter:0.042403848553087355,MethodDefinition:0.010219165181686028,PublicMethodSpecifier:0.010219165181686028,StaticMethodSpecifier:0.047202731434856086,VoidDataType:0.010219165181686028,IntDataType:0.14837283835118278,SimpleAssignmentExpression:0.0675736215747451,SimpleVariable:0.6524916928930169,ForStatement:0.7625631519590442,LessExpression:0.38165648258578694,PostIncrementExpression:0.4532606303290731,IfStatement:0.6035052322021434,GreaterExpression:0.730378468587643,AddExpression:0.38866138415444546"
jArrayAdd_Minsub,"ClassDefinition:0.0,PublicClassSpecifier:0.001445240874180953,FormalMethodParameter:0.042403848553087355,MethodDefinition:0.010219165181686028,PublicMethodSpecifier:0.010219165181686028,StaticMethodSpecifier:0.047202731434856086,VoidDataType:0.010219165181686028,IntDataType:0.18390430875913744,SimpleAssignmentExpression:0.0790553340673338,ArrayInitializationStatement:1.1998128946410145,ArrayInitializer:1.1998128946410145,ArrayVariable:0.9470875785515882,AddExpression:0.8156495569172763,ArrayElement:1.6255102778998405"
jArraycreat_Minsub,"ClassDefinition:0.0,PublicClassSpecifier:0.001445240874180953,FormalMethodParameter:0.042403848553087355,MethodDefinition:0.010219165181686028,PublicMethodSpecifier:0.010219165181686028,StaticMethodSpecifier:0.047202731434856086,VoidDataType:0.010219165181686028,ArrayCreationStatement:1.2744465129379186,ArrayVariable:0.9470875785515882,ArrayDataType:1.2232939904905373,IntDataType:0.18390430875913744,SimpleAssignmentExpression:0.08342047856662699,ArrayElement:2.9564257222676096,SubtractExpression:0.44918271790863373,java.lang.System.out.print:2.041038623727903,ActualMethodParameter:0.9617232418857572"
jArrayelement_Minsub,"ClassDefinition:0.0,PublicClassSpecifier:0.001445240874180953,FormalMethodParameter:0.042403848553087355,MethodDefinition:0.010219165181686028,PublicMethodSpecifier:0.010219165181686028,StaticMethodSpecifier:0.047202731434856086,VoidDataType:0.010219165181686028,ArrayInitializationStatement:1.1998128946410145,ArrayInitializer:1.1998128946410145,ArrayVariable:1.6035586633679675,ArrayDataType:2.071216770994978,IntDataType:0.2091142882119013,SimpleAssignmentExpression:0.08720173872487652,java.lang.System.out.print:1.448177914461923,ActualMethodParameter:0.6823713880435349,ArrayElement:2.6802358133766147,java.lang.System.out.println:0.8351138191076559,ArrayCreationStatement:1.2744465129379186,SubtractExpression:0.44918271790863373"
jArrayinit_Minsub,"ClassDefinition:0.0,PublicClassSpecifier:0.001445240874180953,FormalMethodParameter:0.042403848553087355,MethodDefinition:0.010219165181686028,PublicMethodSpecifier:0.010219165181686028,StaticMethodSpecifier:0.047202731434856086,VoidDataType:0.010219165181686028,ArrayInitializationStatement:1.1998128946410145,ArrayInitializer:1.1998128946410145,ArrayVariable:0.9470875785515882,ArrayDataType:1.2232939904905373,IntDataType:0.14837283835118278,SimpleAssignmentExpression:0.047945504424613664,java.lang.System.out.println:1.413970608268776,ActualMethodParameter:0.8457817470481722,ArrayElement:2.0147780911927304,java.lang.System.out.print:0.8553172051959429"
jBoolean_Operators2,"ClassDefinition:0.0,PublicClassSpecifier:0.0024470055113494714,FormalMethodParameter:0.10118806469201419,MethodDefinition:0.02438593624841009,PublicMethodSpecifier:0.02438593624841009,StaticMethodSpecifier:0.047202731434856086,VoidDataType:0.021446065630215578,BooleanDataType:1.2744465129379186,SimpleAssignmentExpression:0.09352058108524432,False:1.6334684555795864,ObjectCreationStatement:0.7542906259930543,ConstructorCall:0.7542906259930543,ActualMethodParameter:0.8457817470481722,IfStatement:0.6035052322021434,ObjectMethodInvocation:1.604512165010856,GreaterExpression:0.730378468587643,True:1.6334684555795864,IfElseStatement:1.177536499929862,DoubleDataType:1.8771414386859093,ConstructorDefinition:1.2633802637811578,PublicConstructorSpecifier:1.2633802637811578,AddExpression:0.38866138415444546,SubtractExpression:0.44918271790863373,ReturnStatement:0.7382038060995995,PrivateFieldSpecifier:0.7382038060995995,InstanceField:0.6932366605830763,SimpleVariable:0.6524916928930169"
jCompareString,"ClassDefinition:0.0,PublicClassSpecifier:0.001445240874180953,FormalMethodParameter:0.042403848553087355,MethodDefinition:0.010219165181686028,PublicMethodSpecifier:0.010219165181686028,StaticMethodSpecifier:0.047202731434856086,VoidDataType:0.010219165181686028,StringInitializationStatement:1.2481175742155695,StringVariable:0.9872048017595707,StringDataType:1.413970608268776,SimpleAssignmentExpression:0.047945504424613664,StringLiteral:1.413970608268776,java.lang.String.substring:2.001445240874181,ObjectMethodInvocation:1.1384493433104061,ActualMethodParameter:0.6823713880435349,java.lang.System.out.println:0.8351138191076559,java.lang.String.equals:1.7004152452101997"
jCompArithm_Minsub,"ClassDefinition:0.0,PublicClassSpecifier:0.001445240874180953,FormalMethodParameter:0.042403848553087355,MethodDefinition:0.010219165181686028,PublicMethodSpecifier:0.010219165181686028,StaticMethodSpecifier:0.047202731434856086,VoidDataType:0.010219165181686028,IntDataType:0.14837283835118278,SimpleAssignmentExpression:0.05942721691720237,IfStatement:0.6035052322021434,SubtractExpression:0.44918271790863373,GreaterExpression:0.730378468587643"
jConstants1,"ClassDefinition:0.0,PublicClassSpecifier:0.001445240874180953,FormalMethodParameter:0.042403848553087355,MethodDefinition:0.010219165181686028,PublicMethodSpecifier:0.010219165181686028,StaticMethodSpecifier:0.047202731434856086,VoidDataType:0.010219165181686028,Constant:2.1578255201552907,ConstantInitializationStatement:2.2052822744937375,IntDataType:0.08763138849046424,SimpleAssignmentExpression:0.05942721691720237,DoubleDataType:1.1384493433104061,DivideExpression:1.177536499929862"
jConstants4,"ClassDefinition:0.0,PublicClassSpecifier:0.0024470055113494714,FormalMethodParameter:0.10118806469201419,MethodDefinition:0.026666277058518033,PublicMethodSpecifier:0.026666277058518033,StaticMethodSpecifier:0.047202731434856086,VoidDataType:0.02438593624841009,IntDataType:0.18390430875913744,SimpleAssignmentExpression:0.105002293577833,ExplicitTypeCasting:1.2481175742155695,DivideExpression:1.177536499929862,ConstantInvocation:1.4785664955938433,ConstructorDefinition:0.7461727357708748,PublicConstructorSpecifier:0.7461727357708748,DoubleDataType:2.149770712360963,AddExpression:0.6580609267736252,MultiplyExpression:0.770996319495907,SubtractExpression:0.44918271790863373,ReturnStatement:0.7382038060995995,PublicFieldSpecifier:2.7593848049088066,StaticFieldSpecifier:2.7593848049088066,FinalFieldSpecifier:2.7593848049088066,ClassField:2.7593848049088066,ClassConstantInitializationStatement:2.7593848049088066,PrivateFieldSpecifier:1.2498876929761575,InstanceField:1.1737516973270274,SimpleVariable:1.1047644701605974"
jConstants5,"ClassDefinition:0.0,PublicClassSpecifier:0.0024470055113494714,FormalMethodParameter:0.10118806469201419,MethodDefinition:0.026666277058518033,PublicMethodSpecifier:0.026666277058518033,StaticMethodSpecifier:0.047202731434856086,VoidDataType:0.02438593624841009,SimpleAssignmentExpression:0.105002293577833,ObjectCreationStatement:0.7542906259930543,ConstructorCall:0.7542906259930543,ObjectMethodInvocation:1.4110786169854597,ActualMethodParameter:0.6823713880435349,DoubleDataType:2.22061370299916,ConstructorDefinition:0.7461727357708748,PublicConstructorSpecifier:0.7461727357708748,AddExpression:0.6580609267736252,IntDataType:0.08763138849046424,MultiplyExpression:0.770996319495907,SubtractExpression:0.44918271790863373,ReturnStatement:0.7382038060995995,PublicFieldSpecifier:2.7593848049088066,StaticFieldSpecifier:2.7593848049088066,FinalFieldSpecifier:2.7593848049088066,ClassField:2.7593848049088066,ClassConstantInitializationStatement:2.7593848049088066,PrivateFieldSpecifier:1.2498876929761575,InstanceField:1.1737516973270274,SimpleVariable:1.1047644701605974"
jConstant_Minsub,"ClassDefinition:0.0,PublicClassSpecifier:0.001445240874180953,FormalMethodParameter:0.042403848553087355,MethodDefinition:0.010219165181686028,PublicMethodSpecifier:0.010219165181686028,StaticMethodSpecifier:0.047202731434856086,VoidDataType:0.010219165181686028,Constant:1.2744465129379186,ConstantInitializationStatement:1.3024752365381622,IntDataType:0.08763138849046424,SimpleAssignmentExpression:0.02831738727448223,java.lang.System.out.print:0.8553172051959429,ActualMethodParameter:0.4030195342013126"
jDoAdda_Minsub,"ClassDefinition:0.0,PublicClassSpecifier:0.001445240874180953,FormalMethodParameter:0.042403848553087355,MethodDefinition:0.010219165181686028,PublicMethodSpecifier:0.010219165181686028,StaticMethodSpecifier:0.047202731434856086,VoidDataType:0.010219165181686028,IntDataType:0.14837283835118278,SimpleAssignmentExpression:0.047945504424613664,DoStatement:1.1168386595762505,WhileStatement:0.770996319495907,LessExpression:0.38165648258578694,PostIncrementExpression:0.4532606303290731,AddAssignmentExpression:0.7542906259930543"
jDoIf_Minsub,"ClassDefinition:0.0,PublicClassSpecifier:0.001445240874180953,FormalMethodParameter:0.042403848553087355,MethodDefinition:0.010219165181686028,PublicMethodSpecifier:0.010219165181686028,StaticMethodSpecifier:0.047202731434856086,VoidDataType:0.010219165181686028,IntDataType:0.14837283835118278,SimpleAssignmentExpression:0.0675736215747451,DoStatement:1.1168386595762505,WhileStatement:0.770996319495907,LessExpression:0.6462005974325511,PostIncrementExpression:0.4532606303290731,IfStatement:1.0218231823562343,GreaterExpression:0.730378468587643"
jDowhile3_Adda_Maxsub,"ClassDefinition:0.0,PublicClassSpecifier:0.001445240874180953,FormalMethodParameter:0.042403848553087355,MethodDefinition:0.010219165181686028,PublicMethodSpecifier:0.010219165181686028,StaticMethodSpecifier:0.047202731434856086,VoidDataType:0.010219165181686028,IntDataType:0.08763138849046424,SimpleAssignmentExpression:0.02831738727448223,IfStatement:0.6035052322021434,SubtractExpression:0.44918271790863373,GreaterExpression:0.730378468587643,AddAssignmentExpression:0.7542906259930543"
jDowhile3_Adda_MaxsubNoit,"ClassDefinition:0.0,PublicClassSpecifier:0.001445240874180953,FormalMethodParameter:0.042403848553087355,MethodDefinition:0.010219165181686028,PublicMethodSpecifier:0.010219165181686028,StaticMethodSpecifier:0.047202731434856086,VoidDataType:0.010219165181686028,IntDataType:0.08763138849046424,SimpleAssignmentExpression:0.047945504424613664,IfStatement:1.0218231823562343,GreaterExpression:1.2366382448308584,AddAssignmentExpression:0.7542906259930543,SubtractExpression:0.44918271790863373"
jDowhile3_DoAdda_Maxsub,"ClassDefinition:0.0,PublicClassSpecifier:0.001445240874180953,FormalMethodParameter:0.042403848553087355,MethodDefinition:0.010219165181686028,PublicMethodSpecifier:0.010219165181686028,StaticMethodSpecifier:0.047202731434856086,VoidDataType:0.010219165181686028,IntDataType:0.08763138849046424,SimpleAssignmentExpression:0.02831738727448223,SubtractExpression:0.44918271790863373,DoStatement:1.1168386595762505,WhileStatement:0.770996319495907,GreaterExpression:0.730378468587643,AddAssignmentExpression:0.7542906259930543"
jDowhile3_DoAdda_MaxsubNoit,"ClassDefinition:0.0,PublicClassSpecifier:0.001445240874180953,FormalMethodParameter:0.042403848553087355,MethodDefinition:0.010219165181686028,PublicMethodSpecifier:0.010219165181686028,StaticMethodSpecifier:0.047202731434856086,VoidDataType:0.010219165181686028,IntDataType:0.08763138849046424,SimpleAssignmentExpression:0.02831738727448223,SubtractExpression:0.44918271790863373,DoStatement:1.1168386595762505,WhileStatement:0.770996319495907,GreaterExpression:0.730378468587643,PostIncrementExpression:0.4532606303290731,AddAssignmentExpression:0.7542906259930543"
jDowhile3_Do_Maxsub,"ClassDefinition:0.0,PublicClassSpecifier:0.001445240874180953,FormalMethodParameter:0.042403848553087355,MethodDefinition:0.010219165181686028,PublicMethodSpecifier:0.010219165181686028,StaticMethodSpecifier:0.047202731434856086,VoidDataType:0.010219165181686028,IntDataType:0.14837283835118278,SimpleAssignmentExpression:0.047945504424613664,DoStatement:1.1168386595762505,WhileStatement:0.770996319495907,SubtractExpression:0.44918271790863373,GreaterExpression:0.730378468587643,PostIncrementExpression:0.4532606303290731,AddAssignmentExpression:0.7542906259930543"
jDowhile4,"ClassDefinition:0.0,PublicClassSpecifier:0.0024470055113494714,FormalMethodParameter:0.10118806469201419,MethodDefinition:0.02438593624841009,PublicMethodSpecifier:0.02438593624841009,StaticMethodSpecifier:0.047202731434856086,VoidDataType:0.021446065630215578,SimpleAssignmentExpression:0.09621951635796391,ObjectCreationStatement:0.7542906259930543,ConstructorCall:0.7542906259930543,ActualMethodParameter:0.6823713880435349,DoubleDataType:1.9807902780987696,IntDataType:0.14837283835118278,DoStatement:1.1168386595762505,WhileStatement:0.770996319495907,LessExpression:0.38165648258578694,ObjectMethodInvocation:1.1384493433104061,PostIncrementExpression:0.4532606303290731,ConstructorDefinition:1.2633802637811578,PublicConstructorSpecifier:1.2633802637811578,AddExpression:0.38866138415444546,SubtractExpression:0.44918271790863373,ReturnStatement:0.7382038060995995,PrivateFieldSpecifier:0.7382038060995995,InstanceField:0.6932366605830763,SimpleVariable:0.6524916928930169"
jDowhile6_AddaSubtr_Maxsub,"ClassDefinition:0.0,PublicClassSpecifier:0.001445240874180953,FormalMethodParameter:0.042403848553087355,MethodDefinition:0.010219165181686028,PublicMethodSpecifier:0.010219165181686028,StaticMethodSpecifier:0.047202731434856086,VoidDataType:0.010219165181686028,IntDataType:0.14837283835118278,SimpleAssignmentExpression:0.047945504424613664,IfStatement:0.6035052322021434,LessExpression:0.38165648258578694,PostIncrementExpression:0.4532606303290731,AddAssignmentExpression:0.7542906259930543,SubtractExpression:0.44918271790863373"
jDowhile6_Adda_MaxsubNoit,"ClassDefinition:0.0,PublicClassSpecifier:0.001445240874180953,FormalMethodParameter:0.042403848553087355,MethodDefinition:0.010219165181686028,PublicMethodSpecifier:0.010219165181686028,StaticMethodSpecifier:0.047202731434856086,VoidDataType:0.010219165181686028,IntDataType:0.14837283835118278,SimpleAssignmentExpression:0.05942721691720237,PostIncrementExpression:0.4532606303290731,IfStatement:1.0218231823562343,LessExpression:0.6462005974325511,AddAssignmentExpression:1.2771250467229363,SubtractExpression:0.44918271790863373"
jDowhile6_DoAdda_Maxsub,"ClassDefinition:0.0,PublicClassSpecifier:0.001445240874180953,FormalMethodParameter:0.042403848553087355,MethodDefinition:0.010219165181686028,PublicMethodSpecifier:0.010219165181686028,StaticMethodSpecifier:0.047202731434856086,VoidDataType:0.010219165181686028,IntDataType:0.14837283835118278,SimpleAssignmentExpression:0.05942721691720237,DoStatement:1.1168386595762505,WhileStatement:0.770996319495907,LessExpression:0.38165648258578694,PostIncrementExpression:0.4532606303290731,AddAssignmentExpression:0.7542906259930543,SubtractExpression:0.44918271790863373"
jDowhile6_Do_Maxsub,"ClassDefinition:0.0,PublicClassSpecifier:0.001445240874180953,FormalMethodParameter:0.042403848553087355,MethodDefinition:0.010219165181686028,PublicMethodSpecifier:0.010219165181686028,StaticMethodSpecifier:0.047202731434856086,VoidDataType:0.010219165181686028,IntDataType:0.14837283835118278,SimpleAssignmentExpression:0.047945504424613664,DoStatement:1.1168386595762505,WhileStatement:0.770996319495907,LessExpression:0.38165648258578694,PostIncrementExpression:0.4532606303290731,AddAssignmentExpression:0.7542906259930543,SubtractExpression:0.44918271790863373"
jDowhile6_Do_MaxsubNoit,"ClassDefinition:0.0,PublicClassSpecifier:0.001445240874180953,FormalMethodParameter:0.042403848553087355,MethodDefinition:0.010219165181686028,PublicMethodSpecifier:0.010219165181686028,StaticMethodSpecifier:0.047202731434856086,VoidDataType:0.010219165181686028,IntDataType:0.14837283835118278,SimpleAssignmentExpression:0.047945504424613664,DoStatement:1.1168386595762505,WhileStatement:0.770996319495907,LessExpression:0.38165648258578694,PostIncrementExpression:0.4532606303290731,AddAssignmentExpression:0.7542906259930543"
jDowhile8_Adda_Maxsub,"ClassDefinition:0.0,PublicClassSpecifier:0.001445240874180953,FormalMethodParameter:0.042403848553087355,MethodDefinition:0.010219165181686028,PublicMethodSpecifier:0.010219165181686028,StaticMethodSpecifier:0.047202731434856086,VoidDataType:0.010219165181686028,IntDataType:0.14837283835118278,SimpleAssignmentExpression:0.047945504424613664,PostDecrementExpression:1.9236586966912184,WhileStatement:0.770996319495907,GreaterExpression:0.730378468587643,IfStatement:0.6035052322021434,ModulusExpression:1.0635931476230254,EqualExpression:0.8351138191076559,AddAssignmentExpression:0.7542906259930543"
jDowhile8_DoAdda_Maxsub,"ClassDefinition:0.0,PublicClassSpecifier:0.001445240874180953,FormalMethodParameter:0.042403848553087355,MethodDefinition:0.010219165181686028,PublicMethodSpecifier:0.010219165181686028,StaticMethodSpecifier:0.047202731434856086,VoidDataType:0.010219165181686028,IntDataType:0.14837283835118278,SimpleAssignmentExpression:0.047945504424613664,DoStatement:1.1168386595762505,WhileStatement:1.3054102445765898,LessExpression:0.38165648258578694,PostIncrementExpression:0.4532606303290731,AddAssignmentExpression:1.799959467452818,IfStatement:1.0218231823562343,ModulusExpression:1.8008197391608032,EqualExpression:1.413970608268776,GreaterExpression:0.730378468587643,PostDecrementExpression:1.1361438147716372"
jDowhile8_DoIf_Maxsub,"ClassDefinition:0.0,PublicClassSpecifier:0.001445240874180953,FormalMethodParameter:0.042403848553087355,MethodDefinition:0.010219165181686028,PublicMethodSpecifier:0.010219165181686028,StaticMethodSpecifier:0.047202731434856086,VoidDataType:0.010219165181686028,IntDataType:0.14837283835118278,SimpleAssignmentExpression:0.07389246393511288,DoStatement:1.1168386595762505,WhileStatement:1.3054102445765898,LessExpression:0.38165648258578694,PostIncrementExpression:0.4532606303290731,IfStatement:1.0218231823562343,ModulusExpression:1.8008197391608032,EqualExpression:1.413970608268776,GreaterExpression:0.730378468587643,PostDecrementExpression:1.1361438147716372"
jDowhile8_DoIf_MaxsubNoit,"ClassDefinition:0.0,PublicClassSpecifier:0.001445240874180953,FormalMethodParameter:0.042403848553087355,MethodDefinition:0.010219165181686028,PublicMethodSpecifier:0.010219165181686028,StaticMethodSpecifier:0.047202731434856086,VoidDataType:0.010219165181686028,IntDataType:0.14837283835118278,SimpleAssignmentExpression:0.047945504424613664,DoStatement:1.1168386595762505,WhileStatement:1.3054102445765898,LessExpression:0.6462005974325511,PostIncrementExpression:0.7674369583004937,IfStatement:1.0218231823562343,ModulusExpression:1.8008197391608032,EqualExpression:1.413970608268776,AddAssignmentExpression:1.2771250467229363,PostDecrementExpression:1.1361438147716372"
jDowhile8_Do_Maxsub,"ClassDefinition:0.0,PublicClassSpecifier:0.001445240874180953,FormalMethodParameter:0.042403848553087355,MethodDefinition:0.010219165181686028,PublicMethodSpecifier:0.010219165181686028,StaticMethodSpecifier:0.047202731434856086,VoidDataType:0.010219165181686028,IntDataType:0.14837283835118278,SimpleAssignmentExpression:0.047945504424613664,DoStatement:1.1168386595762505,WhileStatement:1.3054102445765898,LessExpression:0.38165648258578694,PostIncrementExpression:0.4532606303290731,IfStatement:1.0218231823562343,ModulusExpression:1.8008197391608032,EqualExpression:1.413970608268776,AddAssignmentExpression:1.2771250467229363,GreaterExpression:0.730378468587643,PostDecrementExpression:1.1361438147716372"
jDowhile8_Mod_Maxsub,"ClassDefinition:0.0,PublicClassSpecifier:0.001445240874180953,FormalMethodParameter:0.042403848553087355,MethodDefinition:0.010219165181686028,PublicMethodSpecifier:0.010219165181686028,StaticMethodSpecifier:0.047202731434856086,VoidDataType:0.010219165181686028,IntDataType:0.14837283835118278,SimpleAssignmentExpression:0.05942721691720237,PostDecrementExpression:1.9236586966912184,WhileStatement:0.770996319495907,GreaterExpression:0.730378468587643,IfStatement:0.6035052322021434,ModulusExpression:1.0635931476230254,EqualExpression:0.8351138191076559"
jDowhile8_Mod_MaxsubNoit,"ClassDefinition:0.0,PublicClassSpecifier:0.001445240874180953,FormalMethodParameter:0.042403848553087355,MethodDefinition:0.010219165181686028,PublicMethodSpecifier:0.010219165181686028,StaticMethodSpecifier:0.047202731434856086,VoidDataType:0.010219165181686028,IntDataType:0.14837283835118278,SimpleAssignmentExpression:0.05942721691720237,PostDecrementExpression:1.1361438147716372,WhileStatement:0.770996319495907,LessExpression:0.38165648258578694,PostIncrementExpression:0.4532606303290731,IfStatement:0.6035052322021434,ModulusExpression:1.0635931476230254,EqualExpression:0.8351138191076559"
jDowhile8_WhileAdda_Maxsub,"ClassDefinition:0.0,PublicClassSpecifier:0.001445240874180953,FormalMethodParameter:0.042403848553087355,MethodDefinition:0.010219165181686028,PublicMethodSpecifier:0.010219165181686028,StaticMethodSpecifier:0.047202731434856086,VoidDataType:0.010219165181686028,IntDataType:0.14837283835118278,SimpleAssignmentExpression:0.047945504424613664,DoStatement:1.1168386595762505,WhileStatement:1.3054102445765898,LessExpression:0.38165648258578694,PostIncrementExpression:0.4532606303290731,IfStatement:1.0218231823562343,ModulusExpression:1.8008197391608032,EqualExpression:1.413970608268776,AddAssignmentExpression:1.5829635769361852,GreaterExpression:0.730378468587643,PostDecrementExpression:1.1361438147716372"
jDowhile8_WhileIf_Maxsub,"ClassDefinition:0.0,PublicClassSpecifier:0.001445240874180953,FormalMethodParameter:0.042403848553087355,MethodDefinition:0.010219165181686028,PublicMethodSpecifier:0.010219165181686028,StaticMethodSpecifier:0.047202731434856086,VoidDataType:0.010219165181686028,IntDataType:0.14837283835118278,SimpleAssignmentExpression:0.047945504424613664,DoStatement:1.1168386595762505,WhileStatement:1.3054102445765898,LessExpression:0.38165648258578694,PostIncrementExpression:0.4532606303290731,AddAssignmentExpression:1.5829635769361852,IfStatement:1.0218231823562343,ModulusExpression:1.8008197391608032,EqualExpression:1.413970608268776,GreaterExpression:0.730378468587643,PostDecrementExpression:1.1361438147716372"
jDowhile8_WhileIf_MaxsubNoit,"ClassDefinition:0.0,PublicClassSpecifier:0.001445240874180953,FormalMethodParameter:0.042403848553087355,MethodDefinition:0.010219165181686028,PublicMethodSpecifier:0.010219165181686028,StaticMethodSpecifier:0.047202731434856086,VoidDataType:0.010219165181686028,IntDataType:0.14837283835118278,SimpleAssignmentExpression:0.047945504424613664,PostDecrementExpression:1.1361438147716372,WhileStatement:0.770996319495907,LessExpression:0.38165648258578694,PostIncrementExpression:0.4532606303290731,IfStatement:0.6035052322021434,ModulusExpression:1.0635931476230254,EqualExpression:0.8351138191076559,AddAssignmentExpression:0.7542906259930543"
jDowhile8_WhilePdec_Maxsub,"ClassDefinition:0.0,PublicClassSpecifier:0.001445240874180953,FormalMethodParameter:0.042403848553087355,MethodDefinition:0.010219165181686028,PublicMethodSpecifier:0.010219165181686028,StaticMethodSpecifier:0.047202731434856086,VoidDataType:0.010219165181686028,IntDataType:0.14837283835118278,SimpleAssignmentExpression:0.05942721691720237,PostDecrementExpression:1.9236586966912184,WhileStatement:0.770996319495907,GreaterExpression:0.730378468587643,IfStatement:0.6035052322021434,EqualExpression:0.8351138191076559"
jDowhile8_While_MaxsubNoit,"ClassDefinition:0.0,PublicClassSpecifier:0.001445240874180953,FormalMethodParameter:0.042403848553087355,MethodDefinition:0.010219165181686028,PublicMethodSpecifier:0.010219165181686028,StaticMethodSpecifier:0.047202731434856086,VoidDataType:0.010219165181686028,IntDataType:0.14837283835118278,SimpleAssignmentExpression:0.05942721691720237,PostDecrementExpression:1.1361438147716372,WhileStatement:0.770996319495907,LessExpression:0.38165648258578694,PostIncrementExpression:0.4532606303290731,IfStatement:0.6035052322021434,GreaterExpression:0.730378468587643"
jDo_Minsub,"ClassDefinition:0.0,PublicClassSpecifier:0.001445240874180953,FormalMethodParameter:0.042403848553087355,MethodDefinition:0.010219165181686028,PublicMethodSpecifier:0.010219165181686028,StaticMethodSpecifier:0.047202731434856086,VoidDataType:0.010219165181686028,IntDataType:0.08763138849046424,SimpleAssignmentExpression:0.02831738727448223,DoStatement:1.1168386595762505,WhileStatement:0.770996319495907,LessExpression:0.38165648258578694,PostIncrementExpression:0.4532606303290731,java.lang.System.out.print:0.8553172051959429,ActualMethodParameter:0.4030195342013126"
jExceptions1,"ClassDefinition:0.0,PublicClassSpecifier:0.00303300025864159,FormalMethodParameter:0.08898923766033058,MethodDefinition:0.030104742423601557,PublicMethodSpecifier:0.030104742423601557,StaticMethodSpecifier:0.047202731434856086,VoidDataType:0.010219165181686028,IntDataType:0.24464575861985594,SimpleAssignmentExpression:0.08342047856662699,AddExpression:0.6580609267736252,SubtractExpression:0.7605324523832565,ObjectCreationStatement:2.3227938881826997,ConstructorCall:2.3227938881826997,ActualMethodParameter:1.331006305838659,java.lang.System.out.println:0.8351138191076559,ObjectMethodInvocation:1.8771414386859093,PrivateFieldSpecifier:1.2498876929761575,InstanceField:1.1737516973270274,SimpleVariable:1.1047644701605974,PublicFieldSpecifier:1.156347200859924,StaticFieldSpecifier:1.156347200859924,FinalFieldSpecifier:1.156347200859924,ClassField:1.156347200859924,ClassConstantInitializationStatement:1.156347200859924,ConstructorDefinition:1.5659272727578606,PublicConstructorSpecifier:1.5659272727578606,StringDataType:2.977138472835088,TryCatchStatement:4.24664107215729,IfStatement:1.7778721885522777,LessExpression:0.9107447122793152,ThrowStatement:5.2425313648196505,StringLiteral:2.977138472835088,StringAddition:4.156624867530452,ReturnStatement:2.3602033519447803,MultiplyExpression:0.770996319495907,DivideExpression:1.177536499929862,StringInitializationStatement:1.2481175742155695,StringVariable:0.9872048017595707,GreaterExpression:0.730378468587643,EqualExpression:1.413970608268776,AddAssignmentExpression:1.5829635769361852,java.lang.Math.pow:1.876506504265881,ExceptionClass:2.001445240874181,ExtendsSpecification:1.3993852495462185"
jExceptions2,"ClassDefinition:0.0,PublicClassSpecifier:0.00303300025864159,FormalMethodParameter:0.08898923766033058,MethodDefinition:0.030104742423601557,PublicMethodSpecifier:0.030104742423601557,StaticMethodSpecifier:0.047202731434856086,VoidDataType:0.010219165181686028,IntDataType:0.24464575861985594,SimpleAssignmentExpression:0.08342047856662699,SubtractExpression:0.7605324523832565,ObjectCreationStatement:2.3227938881826997,ConstructorCall:2.3227938881826997,ActualMethodParameter:1.331006305838659,java.lang.System.out.println:0.8351138191076559,ObjectMethodInvocation:1.8771414386859093,PrivateFieldSpecifier:1.2498876929761575,InstanceField:1.1737516973270274,SimpleVariable:1.1047644701605974,PublicFieldSpecifier:1.156347200859924,StaticFieldSpecifier:1.156347200859924,FinalFieldSpecifier:1.156347200859924,ClassField:1.156347200859924,ClassConstantInitializationStatement:1.156347200859924,ConstructorDefinition:1.5659272727578606,PublicConstructorSpecifier:1.5659272727578606,StringDataType:2.977138472835088,TryCatchStatement:4.24664107215729,IfStatement:1.7778721885522777,LessExpression:0.9107447122793152,ThrowStatement:5.2425313648196505,StringLiteral:2.977138472835088,StringAddition:4.156624867530452,ReturnStatement:2.3602033519447803,AddExpression:0.38866138415444546,MultiplyExpression:0.770996319495907,DivideExpression:1.177536499929862,StringInitializationStatement:1.2481175742155695,StringVariable:0.9872048017595707,GreaterExpression:0.730378468587643,EqualExpression:1.413970608268776,AddAssignmentExpression:1.5829635769361852,java.lang.Math.pow:1.876506504265881,ExceptionClass:2.001445240874181,ExtendsSpecification:1.3993852495462185"
jExceptions3,"ClassDefinition:0.0,PublicClassSpecifier:0.00303300025864159,FormalMethodParameter:0.08898923766033058,MethodDefinition:0.030104742423601557,PublicMethodSpecifier:0.030104742423601557,StaticMethodSpecifier:0.047202731434856086,VoidDataType:0.010219165181686028,IntDataType:0.24464575861985594,SimpleAssignmentExpression:0.08342047856662699,SubtractExpression:0.7605324523832565,ObjectCreationStatement:2.3227938881826997,ConstructorCall:2.3227938881826997,ActualMethodParameter:1.331006305838659,java.lang.System.out.println:0.8351138191076559,ObjectMethodInvocation:1.8771414386859093,PrivateFieldSpecifier:1.2498876929761575,InstanceField:1.1737516973270274,SimpleVariable:1.1047644701605974,PublicFieldSpecifier:1.156347200859924,StaticFieldSpecifier:1.156347200859924,FinalFieldSpecifier:1.156347200859924,ClassField:1.156347200859924,ClassConstantInitializationStatement:1.156347200859924,ConstructorDefinition:1.5659272727578606,PublicConstructorSpecifier:1.5659272727578606,StringDataType:2.977138472835088,TryCatchStatement:4.24664107215729,IfStatement:1.7778721885522777,LessExpression:0.9107447122793152,ThrowStatement:5.2425313648196505,StringLiteral:2.977138472835088,StringAddition:4.156624867530452,ReturnStatement:2.3602033519447803,AddExpression:0.38866138415444546,MultiplyExpression:0.770996319495907,DivideExpression:1.177536499929862,StringInitializationStatement:1.2481175742155695,StringVariable:0.9872048017595707,GreaterExpression:0.730378468587643,EqualExpression:1.413970608268776,AddAssignmentExpression:1.5829635769361852,java.lang.Math.pow:1.876506504265881,ExceptionClass:2.001445240874181,ExtendsSpecification:1.3993852495462185"
jExceptions4,"ClassDefinition:0.0,PublicClassSpecifier:0.0024470055113494714,FormalMethodParameter:0.07179595662255077,MethodDefinition:0.021446065630215578,PublicMethodSpecifier:0.021446065630215578,StaticMethodSpecifier:0.047202731434856086,VoidDataType:0.010219165181686028,ObjectVariable:2.001445240874181,SimpleVariable:1.5570372474281777,TryCatchStatement:1.7795964912578246,StringVariable:1.671483026734457,StringDataType:2.5716841865910154,IntDataType:0.2091142882119013,SimpleAssignmentExpression:0.0675736215747451,SubtractExpression:0.44918271790863373,ObjectCreationStatement:1.799959467452818,ConstructorCall:1.799959467452818,ActualMethodParameter:1.1251336008903943,StringLiteral:2.179177660777151,java.lang.System.out.println:1.413970608268776,ObjectMethodInvocation:1.1384493433104061,StringAddition:1.2232939904905373,PrivateFieldSpecifier:1.2498876929761575,InstanceField:1.1737516973270274,ConstructorDefinition:0.7461727357708748,PublicConstructorSpecifier:0.7461727357708748,ThrowsSpecification:2.1775364999298623,IfStatement:1.2665234965749192,EqualExpression:1.413970608268776,null:2.001445240874181,ThrowStatement:3.7346830654243215,java.lang.String.length:1.7004152452101997,LessExpression:0.38165648258578694,ReturnStatement:1.2498876929761575"
jExceptions5,"ClassDefinition:0.0,PublicClassSpecifier:0.0024470055113494714,FormalMethodParameter:0.07179595662255077,MethodDefinition:0.021446065630215578,PublicMethodSpecifier:0.021446065630215578,StaticMethodSpecifier:0.047202731434856086,VoidDataType:0.010219165181686028,StringVariable:1.671483026734457,StringDataType:2.7580344499382705,SimpleVariable:1.3693270849591437,IfElseStatement:1.177536499929862,ModulusExpression:1.0635931476230254,EqualExpression:1.7525801232158837,SimpleAssignmentExpression:0.0790553340673338,StringLiteral:2.4601702753255865,TryCatchStatement:1.7795964912578246,IntDataType:0.2091142882119013,SubtractExpression:0.44918271790863373,ObjectCreationStatement:1.799959467452818,ConstructorCall:1.799959467452818,ActualMethodParameter:1.1872593360711918,java.lang.System.out.println:1.7525801232158837,ObjectMethodInvocation:0.6723865216099562,StringAddition:1.2232939904905373,PrivateFieldSpecifier:1.2498876929761575,InstanceField:1.1737516973270274,ConstructorDefinition:0.7461727357708748,PublicConstructorSpecifier:0.7461727357708748,ThrowsSpecification:2.1775364999298623,IfStatement:1.2665234965749192,null:2.001445240874181,ThrowStatement:3.7346830654243215,java.lang.String.length:1.7004152452101997,LessExpression:0.38165648258578694,ReturnStatement:1.2498876929761575"
jflkajdklfjaldksfjad,"ClassDefinition:0.0,PublicClassSpecifier:0.001445240874180953,FormalMethodParameter:0.042403848553087355,MethodDefinition:0.010219165181686028,PublicMethodSpecifier:0.010219165181686028,StaticMethodSpecifier:0.047202731434856086,VoidDataType:0.010219165181686028,IntDataType:0.08763138849046424,SimpleAssignmentExpression:0.047945504424613664,AddExpression:0.38866138415444546,SubtractExpression:0.44918271790863373"
jFor4,"ClassDefinition:0.0,PublicClassSpecifier:0.0024470055113494714,FormalMethodParameter:0.10118806469201419,MethodDefinition:0.02438593624841009,PublicMethodSpecifier:0.02438593624841009,StaticMethodSpecifier:0.047202731434856086,VoidDataType:0.021446065630215578,DoubleDataType:1.8771414386859093,SimpleAssignmentExpression:0.09352058108524432,ObjectCreationStatement:0.7542906259930543,ConstructorCall:0.7542906259930543,ActualMethodParameter:0.6823713880435349,IntDataType:0.08763138849046424,ForStatement:0.7625631519590442,LessExpression:0.38165648258578694,PostIncrementExpression:0.4532606303290731,ObjectMethodInvocation:1.1384493433104061,ConstructorDefinition:1.2633802637811578,PublicConstructorSpecifier:1.2633802637811578,AddExpression:0.38866138415444546,SubtractExpression:0.44918271790863373,ReturnStatement:0.7382038060995995,PrivateFieldSpecifier:0.7382038060995995,InstanceField:0.6932366605830763,SimpleVariable:0.6524916928930169"
jFor5,"ClassDefinition:0.0,PublicClassSpecifier:0.0024470055113494714,FormalMethodParameter:0.10118806469201419,MethodDefinition:0.026666277058518033,PublicMethodSpecifier:0.026666277058518033,StaticMethodSpecifier:0.047202731434856086,VoidDataType:0.021446065630215578,Constant:2.6745691133017373,ConstantInitializationStatement:2.7333905370848903,DoubleDataType:2.22061370299916,SimpleAssignmentExpression:0.10304859571675841,IntDataType:0.2091142882119013,ObjectCreationStatement:0.7542906259930543,ConstructorCall:0.7542906259930543,ActualMethodParameter:0.6823713880435349,ObjectMethodInvocation:1.1384493433104061,ConstructorDefinition:0.7461727357708748,PublicConstructorSpecifier:0.7461727357708748,WhileStatement:0.770996319495907,LessExpression:0.38165648258578694,PostIncrementExpression:0.7674369583004937,MultiplyExpression:1.3054102445765898,DivideExpression:1.9937426048626723,AddExpression:0.8156495569172763,ForStatement:0.7625631519590442,LessEqualExpression:1.7004152452101997,ReturnStatement:1.2498876929761575,PrivateFieldSpecifier:1.54920357902219,InstanceField:1.4548349748548874,SimpleVariable:1.3693270849591437"
jForArray_Minsub,"ClassDefinition:0.0,PublicClassSpecifier:0.001445240874180953,FormalMethodParameter:0.042403848553087355,MethodDefinition:0.010219165181686028,PublicMethodSpecifier:0.010219165181686028,StaticMethodSpecifier:0.047202731434856086,VoidDataType:0.010219165181686028,ArrayInitializationStatement:1.1998128946410145,ArrayInitializer:1.1998128946410145,ArrayVariable:0.9470875785515882,IntDataType:0.2091142882119013,SimpleAssignmentExpression:0.07389246393511288,ForStatement:1.291131650738361,LessExpression:0.6462005974325511,ArrayLength:2.667513608577733,PostIncrementExpression:0.7674369583004937,java.lang.System.out.print:1.448177914461923,ActualMethodParameter:0.6823713880435349,ArrayElement:2.0147780911927304,java.lang.System.out.println:0.8351138191076559"
jForCons_Minsub,"ClassDefinition:0.0,PublicClassSpecifier:0.001445240874180953,FormalMethodParameter:0.042403848553087355,MethodDefinition:0.010219165181686028,PublicMethodSpecifier:0.010219165181686028,StaticMethodSpecifier:0.047202731434856086,VoidDataType:0.010219165181686028,Constant:2.1578255201552907,ConstantInitializationStatement:2.2052822744937375,IntDataType:0.2091142882119013,SimpleAssignmentExpression:0.0675736215747451,AddExpression:0.38866138415444546,ForStatement:1.291131650738361,LessExpression:0.6462005974325511,PostIncrementExpression:0.7674369583004937,java.lang.System.out.print:1.448177914461923,ActualMethodParameter:0.6823713880435349,java.lang.System.out.println:0.8351138191076559"
jForIf_Minsub,"ClassDefinition:0.0,PublicClassSpecifier:0.001445240874180953,FormalMethodParameter:0.042403848553087355,MethodDefinition:0.010219165181686028,PublicMethodSpecifier:0.010219165181686028,StaticMethodSpecifier:0.047202731434856086,VoidDataType:0.010219165181686028,IntDataType:0.14837283835118278,SimpleAssignmentExpression:0.05942721691720237,ForStatement:0.7625631519590442,LessExpression:0.38165648258578694,PostIncrementExpression:0.4532606303290731,IfStatement:0.6035052322021434,GreaterExpression:0.730378468587643"
jForNested_Minsub,"ClassDefinition:0.0,PublicClassSpecifier:0.001445240874180953,FormalMethodParameter:0.042403848553087355,MethodDefinition:0.010219165181686028,PublicMethodSpecifier:0.010219165181686028,StaticMethodSpecifier:0.047202731434856086,VoidDataType:0.010219165181686028,IntDataType:0.14837283835118278,SimpleAssignmentExpression:0.047945504424613664,ForStatement:1.291131650738361"
jFor_Adda_MaxsubNoit,"ClassDefinition:0.0,PublicClassSpecifier:0.001445240874180953,FormalMethodParameter:0.042403848553087355,MethodDefinition:0.010219165181686028,PublicMethodSpecifier:0.010219165181686028,StaticMethodSpecifier:0.047202731434856086,VoidDataType:0.010219165181686028,IntDataType:0.14837283835118278,SimpleAssignmentExpression:0.05942721691720237,ForStatement:0.7625631519590442,LessExpression:0.38165648258578694,PostIncrementExpression:0.4532606303290731,AddAssignmentExpression:0.7542906259930543,java.lang.System.out.print:0.8553172051959429,ActualMethodParameter:0.4030195342013126"
jFor_Minsub,"ClassDefinition:0.0,PublicClassSpecifier:0.001445240874180953,FormalMethodParameter:0.042403848553087355,MethodDefinition:0.010219165181686028,PublicMethodSpecifier:0.010219165181686028,StaticMethodSpecifier:0.047202731434856086,VoidDataType:0.010219165181686028,IntDataType:0.08763138849046424,SimpleAssignmentExpression:0.02831738727448223,ForStatement:0.7625631519590442,LessExpression:0.38165648258578694,PostIncrementExpression:0.4532606303290731,java.lang.System.out.print:0.8553172051959429,ActualMethodParameter:0.4030195342013126"
jIf_Arithm_MaxsubNoit,"ClassDefinition:0.0,PublicClassSpecifier:0.001445240874180953,FormalMethodParameter:0.042403848553087355,MethodDefinition:0.010219165181686028,PublicMethodSpecifier:0.010219165181686028,StaticMethodSpecifier:0.047202731434856086,VoidDataType:0.010219165181686028,IntDataType:0.14837283835118278,SimpleAssignmentExpression:0.07389246393511288,IfStatement:1.2665234965749192,LessExpression:0.38165648258578694,SubtractExpression:0.7605324523832565,GreaterExpression:1.2366382448308584,AddExpression:0.6580609267736252"
jIf_Minsub,"ClassDefinition:0.0,PublicClassSpecifier:0.001445240874180953,FormalMethodParameter:0.042403848553087355,MethodDefinition:0.010219165181686028,PublicMethodSpecifier:0.010219165181686028,StaticMethodSpecifier:0.047202731434856086,VoidDataType:0.010219165181686028,IntDataType:0.14837283835118278,SimpleAssignmentExpression:0.08342047856662699,IfStatement:1.574809433260618,LessExpression:0.38165648258578694,LessEqualExpression:1.7004152452101997,GreaterExpression:0.730378468587643,GreaterEqualExpression:1.7004152452101997,EqualExpression:0.8351138191076559"
jInteger1,"ClassDefinition:0.0,PublicClassSpecifier:0.001445240874180953,FormalMethodParameter:0.042403848553087355,MethodDefinition:0.010219165181686028,PublicMethodSpecifier:0.010219165181686028,VoidDataType:0.010219165181686028,IntDataType:0.08763138849046424,SimpleAssignmentExpression:0.02831738727448223,SubtractExpression:0.44918271790863373,MultiplyExpression:0.770996319495907,DivideExpression:1.177536499929862"
jMultidarray_Minsub,"ClassDefinition:0.0,PublicClassSpecifier:0.001445240874180953,FormalMethodParameter:0.042403848553087355,MethodDefinition:0.010219165181686028,PublicMethodSpecifier:0.010219165181686028,StaticMethodSpecifier:0.047202731434856086,VoidDataType:0.010219165181686028,ArrayCreationStatement:1.2744465129379186,ArrayVariable:0.9470875785515882,MultiDimensionalArrayDataType:1.6334684555795864,IntDataType:0.08763138849046424,SimpleAssignmentExpression:0.07389246393511288,ArrayElement:2.6802358133766147,java.lang.System.out.print:1.448177914461923,ActualMethodParameter:0.6823713880435349"
jNested2_ForAdda_Maxsub,"ClassDefinition:0.0,PublicClassSpecifier:0.001445240874180953,FormalMethodParameter:0.042403848553087355,MethodDefinition:0.010219165181686028,PublicMethodSpecifier:0.010219165181686028,StaticMethodSpecifier:0.047202731434856086,VoidDataType:0.010219165181686028,IntDataType:0.18390430875913744,SimpleAssignmentExpression:0.0675736215747451,ForStatement:1.291131650738361"
jNested2_ForNested_Maxsub,"ClassDefinition:0.0,PublicClassSpecifier:0.001445240874180953,FormalMethodParameter:0.042403848553087355,MethodDefinition:0.010219165181686028,PublicMethodSpecifier:0.010219165181686028,StaticMethodSpecifier:0.047202731434856086,VoidDataType:0.010219165181686028,IntDataType:0.18390430875913744,SimpleAssignmentExpression:0.0675736215747451,ForStatement:1.291131650738361"
jNested2_Nested_MaxsubNoit,"ClassDefinition:0.0,PublicClassSpecifier:0.001445240874180953,FormalMethodParameter:0.042403848553087355,MethodDefinition:0.010219165181686028,PublicMethodSpecifier:0.010219165181686028,StaticMethodSpecifier:0.047202731434856086,VoidDataType:0.010219165181686028,IntDataType:0.18390430875913744,SimpleAssignmentExpression:0.0675736215747451,ForStatement:1.291131650738361"
jNested3,"ClassDefinition:0.0,PublicClassSpecifier:0.0024470055113494714,FormalMethodParameter:0.10118806469201419,MethodDefinition:0.02438593624841009,PublicMethodSpecifier:0.02438593624841009,StaticMethodSpecifier:0.047202731434856086,VoidDataType:0.021446065630215578,DoubleDataType:1.9807902780987696,SimpleAssignmentExpression:0.09868345121746523,IntDataType:0.14837283835118278,ForStatement:1.291131650738361"
jNested_Minsub,"ClassDefinition:0.0,PublicClassSpecifier:0.001445240874180953,FormalMethodParameter:0.042403848553087355,MethodDefinition:0.010219165181686028,PublicMethodSpecifier:0.010219165181686028,StaticMethodSpecifier:0.047202731434856086,VoidDataType:0.010219165181686028,IntDataType:0.18390430875913744,SimpleAssignmentExpression:0.0675736215747451,ForStatement:1.291131650738361"
jPdec_If_MaxsubNoit,"ClassDefinition:0.0,PublicClassSpecifier:0.001445240874180953,FormalMethodParameter:0.042403848553087355,MethodDefinition:0.010219165181686028,PublicMethodSpecifier:0.010219165181686028,StaticMethodSpecifier:0.047202731434856086,VoidDataType:0.010219165181686028,IntDataType:0.14837283835118278,SimpleAssignmentExpression:0.047945504424613664,PostDecrementExpression:2.3843253713740227,IfStatement:1.0218231823562343,LessExpression:0.6462005974325511"
jPinc_If_Arithm_MaxsubNoit,"ClassDefinition:0.0,PublicClassSpecifier:0.001445240874180953,FormalMethodParameter:0.042403848553087355,MethodDefinition:0.010219165181686028,PublicMethodSpecifier:0.010219165181686028,StaticMethodSpecifier:0.047202731434856086,VoidDataType:0.010219165181686028,IntDataType:0.14837283835118278,SimpleAssignmentExpression:0.05942721691720237,PostIncrementExpression:0.7674369583004937,IfStatement:1.0218231823562343,LessExpression:0.6462005974325511,SubtractExpression:0.44918271790863373"
jPinc_If_MaxsubNoit,"ClassDefinition:0.0,PublicClassSpecifier:0.001445240874180953,FormalMethodParameter:0.042403848553087355,MethodDefinition:0.010219165181686028,PublicMethodSpecifier:0.010219165181686028,StaticMethodSpecifier:0.047202731434856086,VoidDataType:0.010219165181686028,IntDataType:0.14837283835118278,SimpleAssignmentExpression:0.047945504424613664,PostIncrementExpression:0.9512183287780462,IfStatement:1.0218231823562343,LessExpression:0.6462005974325511"
jPostIncrement,"ClassDefinition:0.0,PublicClassSpecifier:0.001445240874180953,FormalMethodParameter:0.042403848553087355,MethodDefinition:0.010219165181686028,PublicMethodSpecifier:0.010219165181686028,StaticMethodSpecifier:0.047202731434856086,VoidDataType:0.010219165181686028,IntDataType:0.14837283835118278,SimpleAssignmentExpression:0.047945504424613664,PostIncrementExpression:0.4532606303290731"
jPrintln_Print_Minsub,"ClassDefinition:0.0,PublicClassSpecifier:0.001445240874180953,FormalMethodParameter:0.042403848553087355,MethodDefinition:0.010219165181686028,PublicMethodSpecifier:0.010219165181686028,StaticMethodSpecifier:0.047202731434856086,VoidDataType:0.010219165181686028,IntDataType:0.08763138849046424,SimpleAssignmentExpression:0.07389246393511288,AddExpression:0.6580609267736252,SubtractExpression:0.44918271790863373,java.lang.System.out.print:1.7949791975334692,ActualMethodParameter:0.9617232418857572,java.lang.System.out.println:1.413970608268776"
jString3,"ClassDefinition:0.0,PublicClassSpecifier:0.001445240874180953,FormalMethodParameter:0.042403848553087355,MethodDefinition:0.010219165181686028,PublicMethodSpecifier:0.010219165181686028,StaticMethodSpecifier:0.047202731434856086,VoidDataType:0.010219165181686028,StringInitializationStatement:2.1132467517904097,StringVariable:1.671483026734457,StringDataType:1.413970608268776,SimpleAssignmentExpression:0.047945504424613664,StringLiteral:1.413970608268776,java.lang.System.out.print:0.8553172051959429,ActualMethodParameter:0.4030195342013126,AddExpression:0.38866138415444546"
jStringConcat,"ClassDefinition:0.0,PublicClassSpecifier:0.001445240874180953,FormalMethodParameter:0.042403848553087355,MethodDefinition:0.010219165181686028,PublicMethodSpecifier:0.010219165181686028,StaticMethodSpecifier:0.047202731434856086,VoidDataType:0.010219165181686028,StringInitializationStatement:2.1132467517904097,StringVariable:2.0717601284048004,StringDataType:1.9928273974298958,SimpleAssignmentExpression:0.05942721691720237,StringLiteral:1.7525801232158837,AddExpression:0.38866138415444546,java.lang.System.out.println:0.8351138191076559,ActualMethodParameter:0.4030195342013126,StringAddition:1.2232939904905373"
jSubtract_Minsub,"ClassDefinition:0.0,PublicClassSpecifier:0.001445240874180953,FormalMethodParameter:0.042403848553087355,MethodDefinition:0.010219165181686028,PublicMethodSpecifier:0.010219165181686028,StaticMethodSpecifier:0.047202731434856086,VoidDataType:0.010219165181686028,IntDataType:0.14837283835118278,SimpleAssignmentExpression:0.05942721691720237,SubtractExpression:0.7605324523832565"
jSwitch1,"ClassDefinition:0.0,PublicClassSpecifier:0.001445240874180953,FormalMethodParameter:0.042403848553087355,MethodDefinition:0.010219165181686028,PublicMethodSpecifier:0.010219165181686028,StaticMethodSpecifier:0.047202731434856086,VoidDataType:0.010219165181686028,IntDataType:0.08763138849046424,SimpleAssignmentExpression:0.02831738727448223,SwitchStatement:2.001445240874181"
jSwitch2,"ClassDefinition:0.0,PublicClassSpecifier:0.001445240874180953,FormalMethodParameter:0.042403848553087355,MethodDefinition:0.010219165181686028,PublicMethodSpecifier:0.010219165181686028,StaticMethodSpecifier:0.047202731434856086,VoidDataType:0.010219165181686028,IntDataType:0.14837283835118278,SimpleAssignmentExpression:0.07389246393511288,SwitchStatement:2.001445240874181"
jSwitch3,"ClassDefinition:0.0,PublicClassSpecifier:0.001445240874180953,FormalMethodParameter:0.042403848553087355,MethodDefinition:0.010219165181686028,PublicMethodSpecifier:0.010219165181686028,StaticMethodSpecifier:0.047202731434856086,VoidDataType:0.010219165181686028,IntDataType:0.14837283835118278,SimpleAssignmentExpression:0.0790553340673338,SwitchStatement:2.001445240874181"
jVariables1,"ClassDefinition:0.0,PublicClassSpecifier:0.001445240874180953,FormalMethodParameter:0.042403848553087355,MethodDefinition:0.010219165181686028,PublicMethodSpecifier:0.010219165181686028,StaticMethodSpecifier:0.047202731434856086,VoidDataType:0.010219165181686028,IntDataType:0.08763138849046424,SimpleAssignmentExpression:0.047945504424613664,AddExpression:0.38866138415444546,SubtractExpression:0.44918271790863373"
jWhile4_Equal_Maxsubnoit,"ClassDefinition:0.0,PublicClassSpecifier:0.001445240874180953,FormalMethodParameter:0.042403848553087355,MethodDefinition:0.010219165181686028,PublicMethodSpecifier:0.010219165181686028,StaticMethodSpecifier:0.047202731434856086,VoidDataType:0.010219165181686028,IntDataType:0.14837283835118278,SimpleAssignmentExpression:0.047945504424613664,IfStatement:1.2665234965749192,EqualExpression:1.413970608268776,PostIncrementExpression:0.9512183287780462,LessExpression:0.38165648258578694"
jWhile4_Mod_Maxsub,"ClassDefinition:0.0,PublicClassSpecifier:0.001445240874180953,FormalMethodParameter:0.042403848553087355,MethodDefinition:0.010219165181686028,PublicMethodSpecifier:0.010219165181686028,StaticMethodSpecifier:0.047202731434856086,VoidDataType:0.010219165181686028,IntDataType:0.14837283835118278,SimpleAssignmentExpression:0.047945504424613664,WhileStatement:0.770996319495907,LessExpression:0.38165648258578694,PostIncrementExpression:0.9512183287780462,IfStatement:0.6035052322021434,ModulusExpression:1.0635931476230254,EqualExpression:0.8351138191076559"
jWhile4_Mod_MaxsubNoit,"ClassDefinition:0.0,PublicClassSpecifier:0.001445240874180953,FormalMethodParameter:0.042403848553087355,MethodDefinition:0.010219165181686028,PublicMethodSpecifier:0.010219165181686028,StaticMethodSpecifier:0.047202731434856086,VoidDataType:0.010219165181686028,IntDataType:0.14837283835118278,SimpleAssignmentExpression:0.047945504424613664,WhileStatement:0.770996319495907,LessExpression:0.38165648258578694,PostIncrementExpression:0.7674369583004937,IfStatement:0.6035052322021434,ModulusExpression:1.0635931476230254,EqualExpression:0.8351138191076559"
jWhile4_WhileIf_Maxsub,"ClassDefinition:0.0,PublicClassSpecifier:0.001445240874180953,FormalMethodParameter:0.042403848553087355,MethodDefinition:0.010219165181686028,PublicMethodSpecifier:0.010219165181686028,StaticMethodSpecifier:0.047202731434856086,VoidDataType:0.010219165181686028,IntDataType:0.14837283835118278,SimpleAssignmentExpression:0.047945504424613664,WhileStatement:0.770996319495907,LessExpression:0.38165648258578694,IfStatement:1.2665234965749192,EqualExpression:1.7525801232158837,PostIncrementExpression:1.0816132862719146,MultiplyExpression:0.770996319495907"
jWhile4_WhileIf_MaxsubNoit,"ClassDefinition:0.0,PublicClassSpecifier:0.001445240874180953,FormalMethodParameter:0.042403848553087355,MethodDefinition:0.010219165181686028,PublicMethodSpecifier:0.010219165181686028,StaticMethodSpecifier:0.047202731434856086,VoidDataType:0.010219165181686028,IntDataType:0.14837283835118278,SimpleAssignmentExpression:0.047945504424613664,WhileStatement:0.770996319495907,LessExpression:0.38165648258578694,PostIncrementExpression:0.9512183287780462,IfStatement:1.0218231823562343,EqualExpression:1.413970608268776,MultiplyExpression:0.770996319495907"
jWhile4_WhilePinc_Maxsub,"ClassDefinition:0.0,PublicClassSpecifier:0.001445240874180953,FormalMethodParameter:0.042403848553087355,MethodDefinition:0.010219165181686028,PublicMethodSpecifier:0.010219165181686028,StaticMethodSpecifier:0.047202731434856086,VoidDataType:0.010219165181686028,IntDataType:0.14837283835118278,SimpleAssignmentExpression:0.047945504424613664,WhileStatement:0.770996319495907,LessExpression:0.38165648258578694,PostIncrementExpression:1.0816132862719146,IfStatement:1.0218231823562343,EqualExpression:1.413970608268776"
jWhile5,"ClassDefinition:0.0,PublicClassSpecifier:0.0024470055113494714,FormalMethodParameter:0.10118806469201419,MethodDefinition:0.026666277058518033,PublicMethodSpecifier:0.026666277058518033,StaticMethodSpecifier:0.047202731434856086,VoidDataType:0.021446065630215578,Constant:2.1578255201552907,ConstantInitializationStatement:2.2052822744937375,DoubleDataType:2.149770712360963,SimpleAssignmentExpression:0.10095005156915493,ObjectCreationStatement:0.7542906259930543,ConstructorCall:0.7542906259930543,ActualMethodParameter:0.6823713880435349,ObjectMethodInvocation:1.1384493433104061,MultiplyExpression:1.6180223506119946,IntDataType:0.2091142882119013,ConstructorDefinition:0.7461727357708748,PublicConstructorSpecifier:0.7461727357708748,WhileStatement:0.770996319495907,LessExpression:0.38165648258578694,PostIncrementExpression:0.7674369583004937,DivideExpression:1.9937426048626723,AddExpression:0.8156495569172763,ForStatement:0.7625631519590442,LessEqualExpression:1.7004152452101997,ReturnStatement:1.2498876929761575,PrivateFieldSpecifier:1.54920357902219,InstanceField:1.4548349748548874,SimpleVariable:1.3693270849591437"
jWhileArray_Minsub,"ClassDefinition:0.0,PublicClassSpecifier:0.001445240874180953,FormalMethodParameter:0.042403848553087355,MethodDefinition:0.010219165181686028,PublicMethodSpecifier:0.010219165181686028,StaticMethodSpecifier:0.047202731434856086,VoidDataType:0.010219165181686028,ArrayInitializationStatement:1.1998128946410145,ArrayInitializer:1.1998128946410145,ArrayVariable:0.9470875785515882,ArrayDataType:1.2232939904905373,IntDataType:0.14837283835118278,SimpleAssignmentExpression:0.047945504424613664,WhileStatement:0.770996319495907,LessExpression:0.38165648258578694,java.lang.System.out.print:0.8553172051959429,ActualMethodParameter:0.4030195342013126,ArrayElement:0.9600525557159558,PostIncrementExpression:0.4532606303290731"
jWhileIf_Minsub,"ClassDefinition:0.0,PublicClassSpecifier:0.001445240874180953,FormalMethodParameter:0.042403848553087355,MethodDefinition:0.010219165181686028,PublicMethodSpecifier:0.010219165181686028,StaticMethodSpecifier:0.047202731434856086,VoidDataType:0.010219165181686028,IntDataType:0.14837283835118278,SimpleAssignmentExpression:0.0675736215747451,WhileStatement:0.770996319495907,LessExpression:0.6462005974325511,IfStatement:1.0218231823562343,GreaterExpression:0.730378468587643,PostIncrementExpression:0.4532606303290731"
jWhilePdec_Minsub,"ClassDefinition:0.0,PublicClassSpecifier:0.001445240874180953,FormalMethodParameter:0.042403848553087355,MethodDefinition:0.010219165181686028,PublicMethodSpecifier:0.010219165181686028,StaticMethodSpecifier:0.047202731434856086,VoidDataType:0.010219165181686028,IntDataType:0.08763138849046424,SimpleAssignmentExpression:0.02831738727448223,WhileStatement:0.770996319495907,GreaterExpression:0.730378468587643,PostDecrementExpression:1.1361438147716372"
jWhilePinc_Minsub,"ClassDefinition:0.0,PublicClassSpecifier:0.001445240874180953,FormalMethodParameter:0.042403848553087355,MethodDefinition:0.010219165181686028,PublicMethodSpecifier:0.010219165181686028,StaticMethodSpecifier:0.047202731434856086,VoidDataType:0.010219165181686028,IntDataType:0.14837283835118278,SimpleAssignmentExpression:0.047945504424613664,WhileStatement:0.770996319495907,LessExpression:0.38165648258578694,PostIncrementExpression:0.7674369583004937"
jWhile_Adda_MaxsubNoit,"ClassDefinition:0.0,PublicClassSpecifier:0.001445240874180953,FormalMethodParameter:0.042403848553087355,MethodDefinition:0.010219165181686028,PublicMethodSpecifier:0.010219165181686028,StaticMethodSpecifier:0.047202731434856086,VoidDataType:0.010219165181686028,IntDataType:0.14837283835118278,SimpleAssignmentExpression:0.047945504424613664,WhileStatement:0.770996319495907,LessExpression:0.38165648258578694,PostIncrementExpression:0.4532606303290731,AddAssignmentExpression:0.7542906259930543"
jWrapper_Class1,"ClassDefinition:0.0,PublicClassSpecifier:0.001445240874180953,FormalMethodParameter:0.042403848553087355,MethodDefinition:0.010219165181686028,PublicMethodSpecifier:0.010219165181686028,StaticMethodSpecifier:0.047202731434856086,VoidDataType:0.010219165181686028,java.lang.Double:1.7795964912578246,SimpleAssignmentExpression:0.05942721691720237,WrapperClassCreationStatement:3.1772016970001755,WrapperClassConstructorCall:3.1772016970001755,ActualMethodParameter:0.6823713880435349,java.lang.Integer:2.001445240874181,DoubleDataType:0.6723865216099562,MultiplyExpression:0.770996319495907"
jWrapper_Class2,"ClassDefinition:0.0,PublicClassSpecifier:0.001445240874180953,FormalMethodParameter:0.042403848553087355,MethodDefinition:0.010219165181686028,PublicMethodSpecifier:0.010219165181686028,StaticMethodSpecifier:0.047202731434856086,VoidDataType:0.010219165181686028,AutoBoxing:2.4785664955938436,java.lang.Double:3.0131187817075573,SimpleAssignmentExpression:0.07389246393511288,WrapperClassCreationStatement:1.876506504265881,WrapperClassConstructorCall:1.876506504265881,ActualMethodParameter:0.4030195342013126,DoubleDataType:0.6723865216099562,java.lang.Integer:2.001445240874181,IntDataType:0.14837283835118278,ExplicitTypeCasting:1.2481175742155695,AddExpression:0.38866138415444546"
jWrapper_Class3,"java.util.ArrayList:2.310507827583246,ImportStatement:1.2481175742155695,ClassDefinition:0.0,PublicClassSpecifier:0.001445240874180953,FormalMethodParameter:0.042403848553087355,MethodDefinition:0.010219165181686028,PublicMethodSpecifier:0.010219165181686028,StaticMethodSpecifier:0.047202731434856086,VoidDataType:0.010219165181686028,DoubleDataType:1.4110786169854597,SimpleAssignmentExpression:0.05942721691720237,GenericObjectCreationStatement:1.3646231432870066,ObjectMethodInvocation:1.604512165010856,ActualMethodParameter:0.9617232418857572,java.lang.Double:4.24664107215729,WrapperClassCreationStatement:4.47789688973447,WrapperClassConstructorCall:4.47789688973447,ForEachStatement:1.4785664955938433,AddAssignmentExpression:0.7542906259930543,MultiplyExpression:0.770996319495907"
jWrapper_Class4,"java.util.ArrayList:3.2563925118794845,ImportStatement:1.2481175742155695,ClassDefinition:0.0,PublicClassSpecifier:0.0024470055113494714,FormalMethodParameter:0.11838134572979397,MethodDefinition:0.026666277058518033,PublicMethodSpecifier:0.026666277058518033,StaticMethodSpecifier:0.047202731434856086,VoidDataType:0.021446065630215578,SimpleAssignmentExpression:0.105002293577833,GenericObjectCreationStatement:2.863814897903015,DoubleDataType:1.9807902780987696,ObjectMethodInvocation:2.2846989832718094,ActualMethodParameter:1.2885439598950317,java.lang.Integer:4.7760374923882996,WrapperClassCreationStatement:5.778592082468764,WrapperClassConstructorCall:5.778592082468764,java.lang.Double:4.24664107215729,IntDataType:0.2286686674462587,ForStatement:0.7625631519590442,LessExpression:0.38165648258578694,PostIncrementExpression:0.4532606303290731,ObjectCreationStatement:0.7542906259930543,ConstructorCall:0.7542906259930543,ForEachStatement:1.4785664955938433,AddAssignmentExpression:0.7542906259930543,ConstructorDefinition:1.7805877917914408,PublicConstructorSpecifier:1.7805877917914408,ReturnStatement:1.2498876929761575,AddExpression:0.38866138415444546,SubtractExpression:0.44918271790863373,PrivateFieldSpecifier:1.2498876929761575,InstanceField:1.1737516973270274,SimpleVariable:1.1047644701605974"
q_java_pretest1,"ClassDefinition:0.0,PublicClassSpecifier:0.001445240874180953,FormalMethodParameter:0.042403848553087355,MethodDefinition:0.010219165181686028,PublicMethodSpecifier:0.010219165181686028,StaticMethodSpecifier:0.047202731434856086,VoidDataType:0.010219165181686028,IntDataType:0.18390430875913744,SimpleAssignmentExpression:0.05942721691720237,SimpleVariable:0.6524916928930169,DivideExpression:1.177536499929862,MultiplyExpression:0.770996319495907,ModulusExpression:1.0635931476230254"
q_java_pretest10,"ClassDefinition:0.0,PublicClassSpecifier:0.001445240874180953,FormalMethodParameter:0.042403848553087355,MethodDefinition:0.010219165181686028,PublicMethodSpecifier:0.010219165181686028,StaticMethodSpecifier:0.047202731434856086,VoidDataType:0.010219165181686028,IntDataType:0.14837283835118278,SimpleAssignmentExpression:0.047945504424613664,AddExpression:0.6580609267736252,IfStatement:1.0218231823562343,NotEqualExpression:1.6334684555795864,java.lang.System.out.println:1.413970608268776,ActualMethodParameter:0.6823713880435349,StringLiteral:1.413970608268776,StringDataType:1.413970608268776,EqualExpression:0.8351138191076559"
q_java_pretest2,"ClassDefinition:0.0,PublicClassSpecifier:0.001445240874180953,FormalMethodParameter:0.042403848553087355,MethodDefinition:0.010219165181686028,PublicMethodSpecifier:0.010219165181686028,StaticMethodSpecifier:0.047202731434856086,VoidDataType:0.010219165181686028,IntDataType:0.14837283835118278,SimpleAssignmentExpression:0.0675736215747451,StringVariable:0.9872048017595707,StringDataType:0.8351138191076559,StringCreationStatement:1.876506504265881,StringConstructorCall:1.876506504265881,ActualMethodParameter:0.4030195342013126,StringLiteral:0.8351138191076559,IfElseIfStatement:1.6334684555795864,java.lang.String.length:2.8790532782087976,GreaterExpression:0.730378468587643,IfStatement:0.6035052322021434,LessExpression:0.38165648258578694,AndExpression:1.3993852495462185,GreaterEqualExpression:2.8790532782087976,AddAssignmentExpression:1.5829635769361852,IfElseStatement:1.177536499929862"
q_java_pretest3,"ClassDefinition:0.0,PublicClassSpecifier:0.0024470055113494714,FormalMethodParameter:0.08898923766033058,MethodDefinition:0.02438593624841009,PublicMethodSpecifier:0.02438593624841009,StaticMethodSpecifier:0.047202731434856086,VoidDataType:0.01730255071504806,SimpleAssignmentExpression:0.08342047856662699,ObjectCreationStatement:0.7542906259930543,ConstructorCall:0.7542906259930543,ActualMethodParameter:0.9617232418857572,ObjectMethodInvocation:1.4110786169854597,java.lang.System.out.println:1.413970608268776,PrivateFieldSpecifier:1.7615715798527154,InstanceField:1.6542667340709787,DoubleDataType:1.9807902780987696,SimpleVariable:1.5570372474281777,ConstructorDefinition:0.7461727357708748,PublicConstructorSpecifier:0.7461727357708748,InstanceFieldInvocation:2.9783759293652503,ThisReference:2.9783759293652503,ReturnStatement:1.2498876929761575,IntDataType:0.08763138849046424,MultiplyExpression:1.3054102445765898"
q_java_pretest4-1,"ClassDefinition:0.0,PublicClassSpecifier:0.001445240874180953,FormalMethodParameter:0.042403848553087355,MethodDefinition:0.010219165181686028,PublicMethodSpecifier:0.010219165181686028,StaticMethodSpecifier:0.047202731434856086,VoidDataType:0.010219165181686028,IntDataType:0.14837283835118278,SimpleAssignmentExpression:0.05942721691720237,WhileStatement:0.770996319495907,LessExpression:0.38165648258578694,AddExpression:0.38866138415444546,PostIncrementExpression:0.4532606303290731"
q_java_pretest4-2,"ClassDefinition:0.0,PublicClassSpecifier:0.001445240874180953,FormalMethodParameter:0.042403848553087355,MethodDefinition:0.010219165181686028,PublicMethodSpecifier:0.010219165181686028,StaticMethodSpecifier:0.047202731434856086,VoidDataType:0.010219165181686028,IntDataType:0.14837283835118278,SimpleAssignmentExpression:0.05942721691720237,DoStatement:1.1168386595762505,WhileStatement:0.770996319495907,LessExpression:0.38165648258578694,AddExpression:0.38866138415444546,PostIncrementExpression:0.4532606303290731"
q_java_pretest4-3,"ClassDefinition:0.0,PublicClassSpecifier:0.001445240874180953,FormalMethodParameter:0.042403848553087355,MethodDefinition:0.010219165181686028,PublicMethodSpecifier:0.010219165181686028,StaticMethodSpecifier:0.047202731434856086,VoidDataType:0.010219165181686028,IntDataType:0.14837283835118278,SimpleAssignmentExpression:0.05942721691720237,ForStatement:0.7625631519590442,GreaterExpression:0.730378468587643,PostDecrementExpression:1.1361438147716372,AddExpression:0.38866138415444546"
q_java_pretest5,"ClassDefinition:0.0,PublicClassSpecifier:0.001445240874180953,FormalMethodParameter:0.042403848553087355,MethodDefinition:0.010219165181686028,PublicMethodSpecifier:0.010219165181686028,StaticMethodSpecifier:0.047202731434856086,VoidDataType:0.010219165181686028,ArrayCreationStatement:1.2744465129379186,ArrayVariable:0.9470875785515882,ArrayDataType:1.2232939904905373,IntDataType:0.14837283835118278,SimpleAssignmentExpression:0.05942721691720237,ForStatement:0.7625631519590442,LessExpression:0.38165648258578694,PostIncrementExpression:0.4532606303290731,ArrayElement:2.0147780911927304,MultiplyExpression:0.770996319495907,AddAssignmentExpression:0.7542906259930543,java.lang.System.out.println:0.8351138191076559,ActualMethodParameter:0.4030195342013126"
q_java_pretest6,"java.util.ArrayList:2.310507827583246,ImportStatement:1.2481175742155695,ClassDefinition:0.0,PublicClassSpecifier:0.001445240874180953,FormalMethodParameter:0.042403848553087355,MethodDefinition:0.010219165181686028,PublicMethodSpecifier:0.010219165181686028,StaticMethodSpecifier:0.047202731434856086,VoidDataType:0.010219165181686028,SimpleAssignmentExpression:0.02831738727448223,GenericObjectCreationStatement:1.3646231432870066,ObjectMethodInvocation:1.604512165010856,ActualMethodParameter:1.0516544519964366,java.lang.Double:1.7795964912578246,ForEachStatement:1.4785664955938433,java.lang.System.out.println:0.8351138191076559"
q_java_pretest7,"ClassDefinition:0.0,PublicClassSpecifier:0.0024470055113494714,FormalMethodParameter:0.10118806469201419,MethodDefinition:0.026666277058518033,PublicMethodSpecifier:0.026666277058518033,StaticMethodSpecifier:0.047202731434856086,VoidDataType:0.01730255071504806,SimpleAssignmentExpression:0.0905370465599225,ObjectCreationStatement:0.7542906259930543,ConstructorCall:0.7542906259930543,ActualMethodParameter:0.6823713880435349,java.lang.System.out.println:0.8351138191076559,ObjectMethodInvocation:0.6723865216099562,DivideExpression:1.177536499929862,ImplementsSpecification:1.7004152452101997,MethodImplementation:1.7004152452101997,PrivateFieldSpecifier:1.7615715798527154,InstanceField:1.6542667340709787,DoubleDataType:2.22061370299916,SimpleVariable:1.5570372474281777,ConstructorDefinition:0.7461727357708748,PublicConstructorSpecifier:0.7461727357708748,InstanceFieldInvocation:3.4844440565262658,ThisReference:3.4844440565262658,ReturnStatement:1.54920357902219,IntDataType:0.08763138849046424,MultiplyExpression:1.3054102445765898,BooleanDataType:2.1578255201552907,GreaterEqualExpression:1.7004152452101997,AndExpression:1.3993852495462185,LessExpression:0.38165648258578694,AddExpression:0.38866138415444546,InterfaceDefinition:1.7004152452101997,PublicInterfaceSpecifier:1.7004152452101997,AbstractMethodDefinition:1.7004152452101997"
q_java_pretest8,"ClassDefinition:0.0,PublicClassSpecifier:0.00303300025864159,FormalMethodParameter:0.10118806469201419,MethodDefinition:0.026666277058518033,PublicMethodSpecifier:0.026666277058518033,StaticMethodSpecifier:0.047202731434856086,VoidDataType:0.01730255071504806,SimpleAssignmentExpression:0.08720173872487652,ObjectCreationStatement:0.7542906259930543,ConstructorCall:0.7542906259930543,ActualMethodParameter:0.9617232418857572,StringLiteral:0.8351138191076559,StringDataType:1.7525801232158837,java.lang.System.out.println:1.7525801232158837,ObjectMethodInvocation:1.4110786169854597,PrivateFieldSpecifier:1.7615715798527154,InstanceField:1.8089580244146897,DoubleDataType:2.0705749867113057,SimpleVariable:1.7026365609833463,ConstructorDefinition:1.2633802637811578,PublicConstructorSpecifier:1.2633802637811578,InstanceFieldInvocation:2.9783759293652503,ThisReference:2.9783759293652503,ReturnStatement:1.54920357902219,IntDataType:0.08763138849046424,MultiplyExpression:1.3054102445765898,ExtendsSpecification:1.3993852495462185,StringVariable:0.9872048017595707"
rh-test-01,"ClassDefinition:0.0,PublicClassSpecifier:0.001445240874180953,InstanceField:0.6932366605830763,IntDataType:0.08763138849046424,SimpleVariable:0.6524916928930169"
test_v00000,"ClassDefinition:0.0,PublicClassSpecifier:0.001445240874180953"
xxx,"ClassDefinition:0.0,PublicClassSpecifier:0.001445240874180953,MethodDefinition:0.010219165181686028,PublicMethodSpecifier:0.010219165181686028,VoidDataType:0.010219165181686028"
xxxdd,"ClassDefinition:0.0,PublicClassSpecifier:0.001445240874180953,ConstructorDefinition:1.7805877917914408,PublicConstructorSpecifier:1.7805877917914408,SimpleAssignmentExpression:0.09868345121746523,FormalMethodParameter:0.11838134572979397,DoubleDataType:2.343204260386359,MethodDefinition:0.026666277058518033,PublicMethodSpecifier:0.026666277058518033,VoidDataType:0.02438593624841009,AddExpression:0.6580609267736252,SubtractExpression:0.7605324523832565,ReturnStatement:0.7382038060995995,PrivateFieldSpecifier:0.7382038060995995,InstanceField:0.6932366605830763,SimpleVariable:0.6524916928930169"
xxy,"ClassDefinition:0.0,PublicClassSpecifier:0.001445240874180953,MethodDefinition:0.010219165181686028,PublicMethodSpecifier:0.010219165181686028,VoidDataType:0.010219165181686028,ObjectVariable:3.3887413666312405,SimpleVariable:1.1047644701605974"
